_id,idA,idB,Song_Name_jac,Artist_Name_jac,Album_Name_jac,Genre_jac,Price_delta,CopyRight_jac,Released_delta,label
0,1409,51560,0.16666666666666666,1.0,1.0,0.5666666666666667,0.0,0.696969696969697,0,0
1,1289,34035,0.16326530612244897,1.0,0.4878048780487805,0.40476190476190477,0.30000000000000004,0.04,0,0
2,2666,35475,1.0,1.0,1.0,0.20930232558139536,0.0,0.8409090909090909,0,1
3,1157,27989,0.07142857142857142,1.0,0.6428571428571429,0.2777777777777778,0.0,0.03529411764705882,0,0
4,3332,7412,0.08695652173913043,1.0,0.46875,0.125,0.0,1.0,0,0
5,1303,34060,0.14102564102564102,1.0,0.4878048780487805,0.35714285714285715,0.30000000000000004,0.04,0,0
6,1155,9941,0.1504424778761062,0.2727272727272727,0.24444444444444444,0.03225806451612903,0.30000000000000004,0.08900523560209424,3352,0
7,4733,43755,0.09333333333333334,0.22580645161290322,0.14516129032258066,0.5666666666666667,0.0,0.05454545454545454,980,0
8,3949,38669,0.11940298507462686,1.0,1.0,0.05555555555555555,0.0,0.09090909090909091,0,0
9,2477,1222,0.1568627450980392,0.2608695652173913,0.4482758620689655,0.32142857142857145,0.09999999999999998,0.018867924528301886,2866,0
10,4056,40142,0.0891089108910891,0.4,0.028846153846153848,0.11363636363636363,0.0,0.005813953488372093,1638,0
11,1551,41574,0.14285714285714285,1.0,0.6923076923076923,0.14285714285714285,0.0,0.0,0,0
12,2020,28191,0.20634920634920634,1.0,0.56,0.1794871794871795,0.0,1.0,0,0
13,1405,55640,0.4146341463414634,1.0,0.28,0.20588235294117646,0.0,0.0196078431372549,0,0
14,380,33288,0.09836065573770492,1.0,0.45454545454545453,0.08823529411764706,0.0,0.6941176470588235,0,0
15,1545,41588,0.6481481481481481,1.0,0.6923076923076923,0.14285714285714285,0.0,0.0,0,0
16,4236,27814,0.15517241379310345,1.0,0.1509433962264151,0.03333333333333333,0.0,0.7058823529411765,97,0
17,4734,31604,0.1232876712328767,0.36363636363636365,0.07692307692307693,0.46153846153846156,0.0,0.05,315,0
18,1236,50715,0.13253012048192772,1.0,0.23529411764705882,0.5666666666666667,0.30000000000000004,0.9047619047619048,213,0
19,4823,20588,1.0,1.0,0.20588235294117646,0.10714285714285714,0.0,0.6578947368421053,0,1
20,1168,34894,0.3516483516483517,1.0,1.0,0.2962962962962963,0.0,0.11278195488721804,0,0
21,1202,28013,0.21153846153846154,1.0,0.2857142857142857,0.2777777777777778,0.0,0.03550295857988166,0,0
22,210,19800,0.11214953271028037,1.0,0.18518518518518517,0.0,0.0,0.14814814814814814,745,0
23,3376,7414,0.6666666666666666,1.0,0.46875,0.125,0.0,1.0,0,1
24,5712,35057,0.4716981132075472,1.0,0.09183673469387756,0.11666666666666667,0.0,0.8738738738738738,10,1
25,303,22290,0.075,1.0,0.6458333333333334,0.03614457831325301,0.0,0.8048780487804879,0,0
26,3346,37611,0.08181818181818182,1.0,0.09285714285714286,0.3076923076923077,1.0,0.04918032786885246,2582,0
27,6764,51438,0.08888888888888889,1.0,0.175,0.11627906976744186,0.0,0.4864864864864865,1039,1
28,2021,28403,0.061855670103092786,1.0,0.1232876712328767,0.11428571428571428,0.30000000000000004,0.14285714285714285,1023,0
29,1084,9523,0.10294117647058823,1.0,1.0,0.32075471698113206,1.29,0.8734177215189873,2339,0
30,1204,28025,0.07142857142857142,1.0,0.6428571428571429,0.2777777777777778,0.0,0.03529411764705882,0,0
31,1828,15256,0.2,1.0,0.1724137931034483,0.1111111111111111,0.0,0.10909090909090909,9,0
32,5147,43656,0.11594202898550725,1.0,0.6666666666666666,0.2413793103448276,0.0,0.5777777777777777,126,0
33,2694,17169,0.30612244897959184,1.0,0.5405405405405406,0.25,1.29,0.01652892561983471,2339,0
34,592,43689,1.0,1.0,0.6363636363636364,0.3684210526315789,0.0,0.015384615384615385,0,1
35,2479,33786,1.0,1.0,1.0,0.18181818181818182,0.0,0.0,0,1
36,1542,41590,0.5454545454545454,1.0,0.6923076923076923,0.14285714285714285,0.0,0.0,0,0
37,5001,3099,1.0,1.0,1.0,0.20454545454545456,0.0,0.02857142857142857,0,1
38,2021,28279,0.17142857142857143,1.0,0.56,0.1794871794871795,0.0,1.0,0,0
39,6290,47840,0.1724137931034483,1.0,0.22727272727272727,0.14285714285714285,0.0,0.015625,69,0
40,1193,28006,0.21568627450980393,1.0,0.2857142857142857,0.2777777777777778,0.0,0.03550295857988166,0,0
41,801,29543,0.10576923076923077,0.3333333333333333,0.09090909090909091,0.0,0.4,0.015625,3448,0
42,6234,13713,1.0,1.0,1.0,0.28125,0.0,0.15846994535519127,0,1
43,3349,7362,0.1038961038961039,1.0,0.125,0.15384615384615385,0.7,0.7164179104477612,623,0
44,3549,19057,0.13793103448275862,1.0,0.19480519480519481,0.11290322580645161,0.0,0.7238805970149254,1373,0
45,1625,27515,0.13333333333333333,1.0,0.2,0.09523809523809523,0.0,0.017094017094017096,861,0
46,2749,17161,0.631578947368421,1.0,0.5882352941176471,0.25,1.29,0.01652892561983471,2339,1
47,5409,20551,0.09090909090909091,1.0,0.2682926829268293,0.10714285714285714,0.0,0.5365853658536586,1002,0
48,1148,7757,1.0,1.0,1.0,0.21621621621621623,0.0,1.0,0,1
49,1262,34894,0.3516483516483517,1.0,1.0,0.2962962962962963,0.0,0.11278195488721804,0,0
50,1309,34898,0.09803921568627451,1.0,0.5135135135135135,0.2777777777777778,0.0,0.18536585365853658,1921,0
51,5071,34920,0.1744186046511628,1.0,0.16393442622950818,0.21739130434782608,1.29,0.06422018348623854,703,0
52,317,22283,0.09375,1.0,0.25,0.046875,0.0,0.8734177215189873,0,0
53,467,362,0.2926829268292683,1.0,1.0,0.0,0.0,0.0,0,1
54,6458,18807,0.4878048780487805,1.0,0.32,0.13043478260869565,0.0,0.0,0,1
55,2841,52852,0.2608695652173913,1.0,0.5,0.08333333333333333,0.0,0.04,0,0
56,5085,40496,0.09333333333333334,1.0,0.20689655172413793,0.3939393939393939,0.0,0.7816091954022989,308,0
57,1183,34915,0.3300970873786408,1.0,1.0,0.2962962962962963,0.0,0.11278195488721804,0,0
58,2742,17206,0.30612244897959184,1.0,0.2777777777777778,0.25,1.29,0.01652892561983471,2339,0
59,2459,10377,0.13043478260869565,0.2608695652173913,0.13793103448275862,0.2916666666666667,0.30000000000000004,0.041666666666666664,1143,0
60,3573,53964,0.08653846153846154,1.0,0.05660377358490566,0.1590909090909091,0.30000000000000004,0.08181818181818182,1594,0
61,1344,10527,0.17582417582417584,1.0,0.11940298507462686,0.2962962962962963,0.0,0.5555555555555556,878,0
62,6218,29583,1.0,1.0,0.4090909090909091,0.11864406779661017,0.0,0.8,7,1
63,1159,28024,0.10588235294117647,1.0,0.2631578947368421,0.2962962962962963,0.0,0.05194805194805195,1921,0
64,3360,17651,0.09375,0.39285714285714285,0.07608695652173914,0.09210526315789473,0.30000000000000004,0.02608695652173913,966,0
65,1317,34002,0.0990990990990991,1.0,1.0,0.35714285714285715,0.0,0.025,0,0
66,1151,53282,1.0,1.0,1.0,0.3424657534246575,0.0,0.037037037037037035,0,1
67,1579,41572,0.11224489795918367,1.0,0.6923076923076923,0.14285714285714285,0.0,0.0,0,0
68,252,52996,0.2553191489361702,1.0,0.15,0.375,0.0,0.782608695652174,0,0
69,2399,29849,0.8470588235294118,0.3939393939393939,1.0,0.5348837209302325,0.0,0.7435897435897436,294,1
70,1260,34919,0.36046511627906974,1.0,1.0,0.2962962962962963,0.0,0.11278195488721804,0,0
71,4980,20081,0.024390243902439025,0.13636363636363635,0.08333333333333333,0.3684210526315789,1.29,0.005434782608695652,1491,0
72,1489,3898,1.0,1.0,1.0,0.08163265306122448,0.0,0.008771929824561403,0,1
73,5079,40453,0.08974358974358974,1.0,0.275,0.3939393939393939,0.0,0.7816091954022989,120,0
74,1193,27999,0.21428571428571427,1.0,0.2857142857142857,0.2777777777777778,0.0,0.03550295857988166,0,0
75,2987,37085,0.08695652173913043,0.4642857142857143,0.16129032258064516,0.2962962962962963,0.0,0.05426356589147287,319,0
76,2809,28356,0.11764705882352941,0.12121212121212122,0.08333333333333333,0.030303030303030304,0.0,0.075,306,0
77,3093,22994,1.0,1.0,1.0,0.40816326530612246,0.0,0.07042253521126761,1717,1
78,1278,34912,0.2956521739130435,1.0,1.0,0.2962962962962963,0.0,0.11278195488721804,0,0
79,1343,6231,0.16822429906542055,1.0,0.32432432432432434,0.5666666666666667,0.0,0.5555555555555556,458,0
80,508,55899,1.0,1.0,1.0,0.013333333333333334,0.0,0.10256410256410256,0,1
81,6624,800,0.2727272727272727,1.0,0.12903225806451613,0.2,0.0,0.6041666666666666,127,0
82,4761,6229,0.08602150537634409,1.0,0.03076923076923077,0.06451612903225806,1.29,0.12195121951219512,521,0
83,642,24635,1.0,1.0,1.0,0.06818181818181818,0.0,0.7777777777777778,0,1
84,254,49104,1.0,1.0,0.7777777777777778,0.3,0.0,0.782608695652174,0,1
85,4730,17350,0.17391304347826086,1.0,1.0,0.6052631578947368,1.29,0.058823529411764705,637,0
86,6857,39318,0.36363636363636365,1.0,0.35294117647058826,0.15384615384615385,0.0,0.9166666666666666,0,1
87,4426,43699,0.07692307692307693,1.0,0.11320754716981132,0.2,0.0,0.022988505747126436,738,0
88,1312,28022,0.08181818181818182,1.0,0.2631578947368421,0.2962962962962963,0.0,0.05194805194805195,1921,0
89,5707,37649,0.1111111111111111,1.0,0.1414141414141414,0.2413793103448276,1.29,0.10810810810810811,0,0
90,5806,6499,0.26666666666666666,1.0,1.0,0.07142857142857142,0.0,0.7346938775510204,0,1
91,1447,41580,0.1625,1.0,0.6923076923076923,0.14285714285714285,0.0,0.0,0,0
92,330,22285,0.1125,1.0,0.6458333333333334,0.03614457831325301,0.0,0.8048780487804879,0,0
93,1273,31286,0.21782178217821782,0.2727272727272727,0.18333333333333332,0.0,0.30000000000000004,0.008695652173913044,2285,0
94,4047,37547,0.06,0.2727272727272727,0.1044776119402985,0.2962962962962963,0.30000000000000004,0.07792207792207792,1393,0
95,1233,21564,0.12195121951219512,1.0,0.21348314606741572,0.5666666666666667,0.30000000000000004,0.03896103896103896,1208,0
96,2845,52867,0.4057971014492754,1.0,0.5,0.08333333333333333,0.0,0.04,0,1
97,205,41179,1.0,1.0,0.6153846153846154,0.40476190476190477,0.0,0.7435897435897436,0,1
98,6430,31068,0.25806451612903225,1.0,0.7435897435897436,0.07692307692307693,0.0,0.05405405405405406,0,0
99,3259,4536,0.3333333333333333,1.0,1.0,0.0967741935483871,0.0,0.696969696969697,0,0
100,1655,49479,1.0,1.0,0.4576271186440678,0.12244897959183673,0.99,0.08653846153846154,1,1
101,1264,28000,0.06956521739130435,1.0,0.2631578947368421,0.2962962962962963,0.0,0.05194805194805195,1921,0
102,3944,18970,1.0,1.0,1.0,0.05555555555555555,0.7,0.09183673469387756,0,1
103,1312,28005,0.1111111111111111,1.0,0.2631578947368421,0.2962962962962963,0.0,0.05194805194805195,1921,0
104,5682,35056,0.21153846153846154,1.0,0.25,0.1590909090909091,0.0,0.9166666666666666,0,0
105,3413,34333,0.10526315789473684,1.0,0.24444444444444444,0.15384615384615385,0.7,1.0,0,0
106,3321,34321,0.09411764705882353,1.0,0.24444444444444444,0.15384615384615385,0.7,1.0,0,0
107,147,50730,1.0,1.0,1.0,0.1282051282051282,0.0,0.08849557522123894,0,1
108,2729,17190,0.3409090909090909,1.0,0.30303030303030304,0.25,1.29,0.01652892561983471,2339,0
109,5087,9483,0.10344827586206896,1.0,0.2702702702702703,0.3939393939393939,0.0,0.7701149425287356,528,0
110,598,43689,1.0,1.0,0.6363636363636364,0.3684210526315789,0.0,0.015384615384615385,0,1
111,4747,5682,1.0,1.0,0.2857142857142857,0.46153846153846156,0.0,0.05660377358490566,0,1
112,2680,27453,0.37349397590361444,1.0,0.64,0.28,0.0,0.7142857142857143,0,0
113,3003,8057,0.14893617021276595,0.5357142857142857,0.15384615384615385,0.2962962962962963,0.0,0.05555555555555555,0,0
114,1579,41593,0.603448275862069,1.0,0.6923076923076923,0.14285714285714285,0.0,0.0,0,0
115,1274,31290,0.16964285714285715,0.2727272727272727,0.18333333333333332,0.0,0.30000000000000004,0.008695652173913044,2285,0
116,1264,28015,0.07476635514018691,1.0,0.2631578947368421,0.2962962962962963,0.0,0.05194805194805195,1921,0
117,3175,42596,0.05,1.0,0.11764705882352941,0.3684210526315789,1.29,0.11956521739130435,8665,0
118,1266,34905,0.0963855421686747,1.0,1.0,0.2962962962962963,0.0,0.11278195488721804,0,0
119,3378,7377,0.11842105263157894,1.0,0.3488372093023256,0.125,0.0,1.0,0,0
120,1753,37547,0.13846153846153847,0.5454545454545454,0.2,0.2962962962962963,0.30000000000000004,0.047619047619047616,1379,0
121,1079,9500,0.09375,1.0,0.3181818181818182,0.32075471698113206,1.29,0.8734177215189873,2339,0
122,3451,7344,0.125,1.0,0.125,0.15384615384615385,0.7,0.7164179104477612,623,0
123,1183,31278,0.14736842105263157,0.2727272727272727,0.18333333333333332,0.0,0.30000000000000004,0.008695652173913044,2285,0
124,2020,28341,0.18333333333333332,1.0,0.3584905660377358,0.1794871794871795,0.0,1.0,38,0
125,1776,33397,0.2631578947368421,1.0,1.0,0.2558139534883721,0.0,0.3220338983050847,0,1
126,5852,32665,0.225,1.0,0.1125,0.04838709677419355,0.7,0.6346153846153846,322,0
127,5147,43679,0.11428571428571428,1.0,0.43137254901960786,0.2413793103448276,0.0,0.5777777777777777,126,0
128,1260,54194,0.1391304347826087,1.0,0.11940298507462686,0.2962962962962963,0.30000000000000004,0.06818181818181818,108,0
129,4890,35775,0.07476635514018691,0.09259259259259259,0.171875,0.0,0.4,0.04838709677419355,23,0
130,624,8814,0.08860759493670886,0.043478260869565216,0.09195402298850575,0.0,0.30000000000000004,0.10101010101010101,109,0
131,2782,31534,1.0,1.0,1.0,0.1206896551724138,0.0,0.8461538461538461,0,1
132,3358,39320,0.3333333333333333,1.0,0.23333333333333334,0.15384615384615385,0.0,1.0,0,1
133,1022,9526,0.16666666666666666,1.0,1.0,0.32075471698113206,1.29,0.8734177215189873,2339,0
134,6314,20460,0.13157894736842105,1.0,0.5645161290322581,0.2,0.0,0.675,2344,0
135,4726,40156,0.09210526315789473,1.0,0.3103448275862069,0.2807017543859649,0.7,0.008771929824561403,182,0
136,1231,55245,0.1485148514851485,0.2727272727272727,0.15789473684210525,0.0,0.0,0.03614457831325301,31,0
137,1277,28012,0.17117117117117117,1.0,0.2631578947368421,0.2962962962962963,0.0,0.05194805194805195,1921,0
138,1158,21574,0.13953488372093023,0.14084507042253522,0.10666666666666667,0.2962962962962963,0.30000000000000004,0.04888888888888889,20,0
139,836,23706,0.46875,1.0,0.7037037037037037,0.10294117647058823,0.0,0.7368421052631579,0,1
140,3850,9120,1.0,1.0,0.8260869565217391,0.28125,0.0,0.13114754098360656,0,1
141,5059,34879,0.18181818181818182,1.0,0.16393442622950818,0.21739130434782608,0.0,0.06422018348623854,703,0
142,2022,28261,0.16176470588235295,1.0,0.56,0.1794871794871795,0.0,1.0,0,0
143,3327,34307,0.15151515151515152,1.0,0.24444444444444444,0.15384615384615385,0.7,1.0,0,0
144,5208,22907,0.11904761904761904,0.375,0.3055555555555556,0.12962962962962962,0.0,0.017241379310344827,862,0
145,1263,31287,0.13829787234042554,0.2727272727272727,0.18333333333333332,0.0,0.6000000000000001,0.008695652173913044,2285,0
146,3312,34336,0.14705882352941177,1.0,0.24444444444444444,0.15384615384615385,0.7,1.0,0,0
147,1542,41566,0.10752688172043011,1.0,0.6923076923076923,0.14285714285714285,0.0,0.0,0,0
148,5082,40476,0.0821917808219178,1.0,0.20689655172413793,0.3939393939393939,0.0,0.7816091954022989,308,0
149,6532,38301,0.39285714285714285,1.0,0.17073170731707318,0.34545454545454546,0.0,0.6388888888888888,0,1
150,3324,7403,0.39285714285714285,1.0,0.32,0.125,0.7,1.0,0,1
151,2731,17200,0.2542372881355932,1.0,0.2777777777777778,0.25,1.29,0.01652892561983471,2339,0
152,276,53019,0.2692307692307692,1.0,0.15,0.375,0.0,0.782608695652174,0,0
153,3372,7437,0.1111111111111111,1.0,0.46875,0.125,0.0,1.0,0,0
154,5080,9487,0.09230769230769231,1.0,0.2702702702702703,0.3939393939393939,0.0,0.7701149425287356,528,0
155,6047,4667,0.3,1.0,0.3,0.10714285714285714,0.0,0.6486486486486487,0,1
156,1623,27506,0.10666666666666667,1.0,0.7297297297297297,0.1111111111111111,0.0,0.017857142857142856,0,0
157,1278,27994,0.17117117117117117,1.0,0.2631578947368421,0.2962962962962963,0.0,0.05194805194805195,1921,0
158,3255,4532,0.40425531914893614,1.0,1.0,0.0967741935483871,0.0,0.696969696969697,0,0
159,4384,23361,1.0,1.0,1.0,0.1891891891891892,0.0,0.8633879781420765,0,1
160,5993,38107,0.03571428571428571,0.38235294117647056,0.3157894736842105,0.5813953488372093,0.7,0.7361111111111112,665,0
161,3461,7348,0.1375,1.0,0.125,0.15384615384615385,0.7,0.7164179104477612,623,0
162,3887,16397,1.0,1.0,0.5172413793103449,0.05454545454545454,0.0,0.058823529411764705,3,1
163,1312,28011,0.14,1.0,0.2631578947368421,0.2962962962962963,0.0,0.05194805194805195,1921,0
164,1314,34035,0.16326530612244897,1.0,0.4878048780487805,0.35714285714285715,0.30000000000000004,0.04,0,0
165,361,37081,0.15178571428571427,1.0,0.11267605633802817,0.45714285714285713,0.0,0.4322033898305085,1410,0
166,4610,26152,1.0,1.0,1.0,0.20930232558139536,0.0,0.75,36525,1
167,6855,7373,0.047058823529411764,1.0,0.13636363636363635,0.15384615384615385,0.0,0.6666666666666666,1240,0
168,4058,40164,0.358974358974359,1.0,0.6078431372549019,0.3137254901960784,0.0,0.008771929824561403,0,0
169,1897,51626,1.0,1.0,0.32,0.05084745762711865,0.0,0.17142857142857143,1,1
170,3354,17660,0.4827586206896552,1.0,0.43333333333333335,0.2413793103448276,0.0,0.05405405405405406,0,1
171,1777,20232,0.41304347826086957,1.0,1.0,0.2558139534883721,0.0,0.2982456140350877,0,1
172,3450,34292,0.14705882352941177,1.0,0.2619047619047619,0.15384615384615385,0.7,1.0,0,0
173,1736,10938,0.7037037037037037,1.0,1.0,0.28125,0.0,0.04310344827586207,0,1
174,250,52970,0.3783783783783784,1.0,0.17647058823529413,0.375,0.0,0.782608695652174,0,0
175,110,53087,0.575,1.0,0.15,0.375,0.0,0.782608695652174,0,1
176,5827,6502,0.42105263157894735,1.0,0.23333333333333334,0.2,0.0,0.7346938775510204,0,1
177,3449,7363,0.1375,1.0,0.125,0.15384615384615385,0.7,0.7164179104477612,623,0
178,2490,4511,1.0,1.0,0.64,0.16363636363636364,0.0,1.0,0,1
179,282,52990,0.3783783783783784,1.0,0.15,0.375,0.0,0.782608695652174,0,0
180,261,53008,0.32558139534883723,1.0,0.15,0.375,0.0,0.782608695652174,0,0
181,1735,10926,0.7037037037037037,1.0,1.0,0.28125,0.0,0.04310344827586207,0,1
182,1595,52925,0.42857142857142855,1.0,0.4375,0.09523809523809523,0.0,0.034482758620689655,0,1
183,5130,37223,0.07017543859649122,0.22580645161290322,0.3333333333333333,0.16666666666666666,0.30000000000000004,0.6904761904761905,0,0
184,3564,19787,0.13846153846153847,1.0,0.08108108108108109,0.2962962962962963,0.0,0.045454545454545456,455,0
185,6724,17069,1.0,1.0,1.0,0.2857142857142857,0.0,0.7045454545454546,0,1
186,1338,42035,0.1717171717171717,1.0,0.046875,0.2962962962962963,0.0,0.5555555555555556,1074,0
187,3449,34332,0.1276595744680851,1.0,0.24444444444444444,0.15384615384615385,0.7,1.0,0,0
188,5542,10251,1.0,1.0,1.0,0.16,0.0,0.13368983957219252,0,1
189,1203,27999,0.09278350515463918,1.0,0.6428571428571429,0.2777777777777778,0.0,0.03529411764705882,0,0
190,1285,34041,0.0990990990990991,1.0,0.4878048780487805,0.40476190476190477,0.30000000000000004,0.04,0,0
191,433,33307,1.0,1.0,0.2631578947368421,0.10714285714285714,0.0,0.6941176470588235,0,1
192,251,52967,0.6216216216216216,1.0,0.17647058823529413,0.375,0.0,0.782608695652174,0,1
193,5030,21803,0.16129032258064516,1.0,0.34285714285714286,0.5,0.0,0.6176470588235294,325,0
194,4715,31612,0.14,1.0,0.09375,0.18421052631578946,0.0,0.022556390977443608,1266,0
195,3450,7383,0.1111111111111111,1.0,0.125,0.15384615384615385,0.7,0.7164179104477612,623,0
196,3414,34350,0.10526315789473684,1.0,0.24444444444444444,0.15384615384615385,0.7,1.0,0,0
197,1263,28025,0.07547169811320754,1.0,0.2631578947368421,0.2962962962962963,0.0,0.05194805194805195,1921,0
198,313,22286,0.11290322580645161,1.0,0.25,0.046875,0.0,0.8734177215189873,0,0
199,5086,40446,0.15254237288135594,1.0,0.6363636363636364,0.3939393939393939,0.0,0.8452380952380952,0,0
200,1165,27986,0.08695652173913043,1.0,0.6428571428571429,0.2777777777777778,0.0,0.03529411764705882,0,0
201,1268,31286,0.21782178217821782,0.2727272727272727,0.18333333333333332,0.0,0.30000000000000004,0.008695652173913044,2285,0
202,2022,28244,0.19402985074626866,1.0,0.56,0.1794871794871795,0.0,1.0,0,0
203,1577,49518,0.1518987341772152,1.0,0.574468085106383,0.12244897959183673,0.0,0.0,1,0
204,1759,27480,0.08759124087591241,0.15789473684210525,0.07633587786259542,0.0,0.6000000000000001,0.01282051282051282,469,0
205,6634,824,1.0,1.0,1.0,0.14285714285714285,0.0,0.717391304347826,0,1
206,1175,34891,0.12605042016806722,1.0,0.5135135135135135,0.2777777777777778,0.0,0.18536585365853658,1921,0
207,1543,41585,0.5147058823529411,1.0,0.6923076923076923,0.14285714285714285,0.0,0.0,0,0
208,1784,11758,0.10714285714285714,0.2727272727272727,0.14893617021276595,0.2558139534883721,0.30000000000000004,0.0625,220,0
209,4733,31618,0.1232876712328767,0.36363636363636365,0.07692307692307693,0.46153846153846156,0.0,0.05,315,0
210,3407,7387,0.14864864864864866,1.0,0.4807692307692308,0.125,0.7,1.0,0,0
211,3270,49156,0.14285714285714285,1.0,0.21875,0.13636363636363635,1.29,0.2631578947368421,475,0
212,1275,28013,0.14457831325301204,1.0,0.2631578947368421,0.2962962962962963,0.0,0.05194805194805195,1921,0
213,5062,34901,0.2028985507246377,1.0,0.16393442622950818,0.21739130434782608,0.0,0.06422018348623854,703,0
214,3864,8306,0.26,1.0,1.0,0.16071428571428573,0.0,0.08928571428571429,0,1
215,5215,44681,0.14457831325301204,1.0,0.22641509433962265,0.2413793103448276,0.0,0.21428571428571427,517,0
216,4053,31610,0.07339449541284404,0.4,0.060240963855421686,0.18421052631578946,0.0,0.05113636363636364,1470,0
217,2901,21458,1.0,1.0,0.5277777777777778,0.22535211267605634,0.0,0.0,0,1
218,341,27491,0.21428571428571427,1.0,0.14705882352941177,0.3235294117647059,0.0,0.04597701149425287,1347,0
219,1345,42034,0.24324324324324326,1.0,0.08333333333333333,0.40540540540540543,0.0,0.5555555555555556,196,0
220,2744,17201,0.32608695652173914,1.0,0.2777777777777778,0.25,1.29,0.01652892561983471,2339,0
221,3452,34321,0.09411764705882353,1.0,0.24444444444444444,0.15384615384615385,0.7,1.0,0,0
222,582,378,0.2926829268292683,1.0,1.0,0.0,0.0,0.0,0,1
223,2809,44223,0.06315789473684211,0.12121212121212122,0.04878048780487805,0.0,0.30000000000000004,0.009523809523809525,1378,0
224,1279,34874,0.0970873786407767,1.0,1.0,0.2962962962962963,0.0,0.11278195488721804,0,0
225,5702,37654,0.6363636363636364,1.0,0.1414141414141414,0.2413793103448276,0.0,0.10810810810810811,0,1
226,2962,22498,0.168141592920354,0.5,0.13333333333333333,0.2962962962962963,0.0,0.1568627450980392,73,0
227,1299,34007,0.16326530612244897,1.0,1.0,0.40476190476190477,0.0,0.025,0,0
228,6345,18442,0.08108108108108109,1.0,0.425,0.18333333333333332,0.0,0.7954545454545454,63,0
229,4736,30405,0.2222222222222222,0.1346153846153846,0.09433962264150944,0.5666666666666667,0.0,0.08823529411764706,133,0
230,2862,22966,0.16666666666666666,0.1724137931034483,0.45,0.0,0.30000000000000004,0.04040404040404041,2880,0
231,2222,815,1.0,1.0,1.0,0.25,0.0,0.8823529411764706,0,1
232,1347,42021,0.1414141414141414,1.0,0.046875,0.2962962962962963,0.0,0.5555555555555556,1074,0
233,5146,44694,0.09333333333333334,1.0,0.16129032258064516,0.2413793103448276,0.0,0.2647058823529412,518,0
234,1164,9943,0.14782608695652175,0.2727272727272727,0.24444444444444444,0.03225806451612903,0.6000000000000001,0.08900523560209424,3352,0
235,2862,42525,0.19444444444444445,0.5416666666666666,0.25,0.0,0.0,0.1910828025477707,151,0
236,5207,22901,0.10465116279069768,0.36,0.3055555555555556,0.12962962962962962,0.0,0.017241379310344827,862,0
237,1184,12106,0.09574468085106383,1.0,0.09278350515463918,0.2962962962962963,0.0,0.027972027972027972,218,0
238,3104,22995,1.0,1.0,1.0,0.28125,0.0,0.07042253521126761,1710,1
239,1598,52923,0.11764705882352941,1.0,0.4375,0.09523809523809523,0.0,0.034482758620689655,0,0
240,289,22313,0.08045977011494253,1.0,0.41379310344827586,0.046875,0.0,0.8734177215189873,0,0
241,1195,28050,0.3409090909090909,1.0,1.0,0.2777777777777778,0.0,0.03550295857988166,0,0
242,3236,5545,0.06481481481481481,1.0,0.13953488372093023,0.2,0.0,0.5135135135135135,1527,0
243,4659,41090,0.8831168831168831,0.7142857142857143,0.5925925925925926,0.22950819672131148,0.0,0.02112676056338028,0,1
244,5518,9828,0.6,1.0,0.6363636363636364,0.18181818181818182,0.0,0.13368983957219252,0,1
245,2020,28308,0.1896551724137931,1.0,0.56,0.1794871794871795,0.0,1.0,0,0
246,1193,28008,1.0,1.0,0.2857142857142857,0.2777777777777778,0.0,0.03550295857988166,0,1
247,3499,54794,0.1724137931034483,1.0,1.0,0.4126984126984127,0.0,0.10810810810810811,0,0
248,5073,34877,0.22018348623853212,1.0,0.16393442622950818,0.21739130434782608,0.0,0.06422018348623854,703,0
249,5515,9835,0.18181818181818182,1.0,0.6363636363636364,0.18181818181818182,0.0,0.13368983957219252,0,0
250,311,22308,0.11267605633802817,1.0,0.2765957446808511,0.03614457831325301,0.0,0.8048780487804879,0,0
251,325,22311,0.08108108108108109,1.0,0.2765957446808511,0.03614457831325301,0.0,0.8048780487804879,0,0
252,3574,53962,0.1262135922330097,1.0,0.05660377358490566,0.1590909090909091,0.30000000000000004,0.08181818181818182,1594,0
253,3507,23084,0.8241758241758241,1.0,0.7156862745098039,0.2962962962962963,0.0,1.0,17,1
254,1570,27494,0.0625,1.0,0.1694915254237288,0.12244897959183673,0.0,0.02586206896551724,1855,0
255,3398,7369,0.08695652173913043,1.0,0.3488372093023256,0.125,0.0,1.0,0,0
256,2375,3581,1.0,1.0,1.0,0.20454545454545456,0.0,0.0,36525,1
257,5985,38096,0.05714285714285714,0.3939393939393939,0.3157894736842105,0.5813953488372093,0.30000000000000004,0.7361111111111112,665,0
258,265,52970,0.3783783783783784,1.0,0.17647058823529413,0.375,0.0,0.782608695652174,0,0
259,2959,7497,0.07317073170731707,0.3611111111111111,0.12307692307692308,0.2962962962962963,0.0,0.19148936170212766,465,0
260,3308,7387,0.14864864864864866,1.0,0.4807692307692308,0.125,0.7,1.0,0,0
261,416,33321,1.0,1.0,0.2631578947368421,0.05454545454545454,0.0,0.6941176470588235,0,1
262,3440,34314,0.1111111111111111,1.0,0.37037037037037035,0.15384615384615385,0.0,1.0,0,0
263,1269,28015,0.07476635514018691,1.0,0.2631578947368421,0.2962962962962963,0.0,0.05194805194805195,1921,0
264,1182,34041,0.0990990990990991,1.0,0.4878048780487805,0.35714285714285715,0.30000000000000004,0.04,0,0
265,3634,54794,0.1724137931034483,1.0,1.0,0.4126984126984127,0.0,0.10810810810810811,0,0
266,6314,20455,0.0625,1.0,0.5645161290322581,0.2,0.0,0.675,2344,0
267,1301,28063,0.08791208791208792,1.0,0.20689655172413793,0.2777777777777778,0.0,0.03529411764705882,0,0
268,3870,23901,1.0,1.0,1.0,0.16071428571428573,0.0,0.0,0,1
269,4761,6235,0.09090909090909091,1.0,0.028985507246376812,0.06451612903225806,1.29,0.12195121951219512,612,0
270,1669,52916,0.1267605633802817,1.0,0.12307692307692308,0.1111111111111111,0.0,0.045454545454545456,861,0
271,4326,23361,1.0,1.0,1.0,0.1891891891891892,0.0,0.8633879781420765,0,1
272,4678,41114,0.13861386138613863,0.7142857142857143,0.5925925925925926,0.22950819672131148,0.0,0.02112676056338028,0,0
273,249,53087,0.575,1.0,0.15,0.375,0.0,0.782608695652174,0,1
274,1316,9940,0.13178294573643412,0.2727272727272727,0.24444444444444444,0.03225806451612903,0.30000000000000004,0.08900523560209424,3352,0
275,5695,37659,0.08088235294117647,1.0,0.1414141414141414,0.2413793103448276,0.0,0.10810810810810811,0,0
276,6289,47836,0.14516129032258066,1.0,0.22727272727272727,0.14285714285714285,0.0,0.015625,69,0
277,4743,41115,0.09574468085106383,0.7142857142857143,0.5925925925925926,0.22950819672131148,0.0,0.02112676056338028,0,0
278,426,33282,0.5333333333333333,1.0,0.6,0.10714285714285714,0.0,0.6941176470588235,0,1
279,498,29283,1.0,1.0,1.0,0.0,0.0,0.09655172413793103,0,1
280,6011,47246,0.09803921568627451,1.0,0.7368421052631579,0.2,0.30000000000000004,0.4878048780487805,1716,0
281,6851,39325,0.037037037037037035,1.0,0.3333333333333333,0.15384615384615385,0.0,0.9166666666666666,0,0
282,588,55899,1.0,1.0,1.0,0.013333333333333334,0.0,0.10256410256410256,0,1
283,5201,22909,0.09876543209876543,0.36,0.3055555555555556,0.12962962962962962,0.0,0.017241379310344827,862,0
284,1264,34920,0.3516483516483517,1.0,1.0,0.2962962962962963,0.0,0.11278195488721804,0,0
285,969,41979,0.05454545454545454,1.0,0.2903225806451613,0.35185185185185186,1.29,0.6444444444444445,392,0
286,1558,41579,0.1518987341772152,1.0,0.6923076923076923,0.14285714285714285,0.0,0.0,0,0
287,6762,51437,0.21666666666666667,1.0,0.175,0.11627906976744186,0.0,0.4864864864864865,1039,0
288,1156,34921,0.12403100775193798,1.0,0.5135135135135135,0.2777777777777778,0.0,0.18536585365853658,1921,0
289,1685,23820,0.12903225806451613,1.0,0.42105263157894735,0.20454545454545456,1.29,0.8876404494382022,0,0
290,3312,34309,0.14084507042253522,1.0,0.24444444444444444,0.15384615384615385,0.7,1.0,0,0
291,368,19176,0.0784313725490196,1.0,0.06896551724137931,0.3023255813953488,0.0,1.0,3279,0
292,3413,34349,0.1276595744680851,1.0,0.24444444444444444,0.15384615384615385,0.7,1.0,0,0
293,2979,37085,0.06818181818181818,0.4642857142857143,0.11267605633802817,0.2962962962962963,0.0,0.05426356589147287,784,0
294,3527,54789,0.13333333333333333,1.0,0.15,0.2777777777777778,0.0,0.10810810810810811,161,0
295,1164,27989,0.07142857142857142,1.0,0.6428571428571429,0.2777777777777778,0.0,0.03529411764705882,0,0
296,5122,34113,0.42857142857142855,1.0,0.5405405405405406,0.10294117647058823,0.0,0.6904761904761905,0,1
297,3421,34320,0.6666666666666666,1.0,0.24444444444444444,0.15384615384615385,0.7,1.0,0,1
298,1069,11277,1.0,1.0,1.0,0.3235294117647059,0.4,1.0,0,1
299,3451,34326,0.14084507042253522,1.0,0.24444444444444444,0.15384615384615385,0.7,1.0,0,0
300,310,22304,0.07368421052631578,1.0,0.2765957446808511,0.03614457831325301,0.0,0.8048780487804879,0,0
301,4587,26140,1.0,1.0,0.42857142857142855,0.20930232558139536,0.0,0.6875,2596,1
302,1263,34898,0.11578947368421053,1.0,1.0,0.2962962962962963,0.0,0.11278195488721804,0,0
303,2959,22498,0.07207207207207207,0.5,0.12658227848101267,0.2962962962962963,0.0,0.1346153846153846,735,0
304,5161,34090,0.14285714285714285,1.0,0.13432835820895522,0.2413793103448276,0.0,0.5777777777777777,679,0
305,2022,28367,0.25862068965517243,1.0,0.3050847457627119,0.1794871794871795,0.0,1.0,0,0
306,1155,31283,0.16071428571428573,0.2727272727272727,0.1896551724137931,0.058823529411764705,0.30000000000000004,0.08762886597938144,4206,0
307,2301,1238,0.15625,0.2608695652173913,0.4482758620689655,0.32142857142857145,0.09999999999999998,0.018867924528301886,2866,0
308,3412,7387,0.09090909090909091,1.0,0.125,0.15384615384615385,0.7,0.7164179104477612,623,0
309,6876,13612,0.12643678160919541,0.4,0.41379310344827586,0.3220338983050847,0.0,0.1388888888888889,0,0
310,2394,29834,0.8470588235294118,0.3939393939393939,0.4482758620689655,0.16279069767441862,0.0,0.5185185185185185,1575,1
311,3341,7371,0.1038961038961039,1.0,0.125,0.15384615384615385,0.7,0.7164179104477612,623,0
312,2653,44051,0.08333333333333333,0.1891891891891892,0.05,0.16363636363636364,0.0,0.1590909090909091,3691,0
313,3409,7357,0.14864864864864866,1.0,0.4807692307692308,0.125,0.7,1.0,0,0
314,264,53050,0.3783783783783784,1.0,0.15,0.375,0.0,0.782608695652174,0,0
315,2702,17183,0.26785714285714285,1.0,0.30303030303030304,0.25,1.29,0.01652892561983471,2339,0
316,6282,47824,0.09411764705882353,1.0,0.5,0.14285714285714285,0.0,0.015625,69,0
317,1750,54953,0.16666666666666666,0.14942528735632185,0.13953488372093023,0.2962962962962963,0.30000000000000004,0.024096385542168676,1341,0
318,3264,25857,0.21818181818181817,1.0,0.16326530612244897,0.13636363636363635,1.29,0.23076923076923078,1112,0
319,1199,27988,0.21568627450980393,1.0,0.2857142857142857,0.2777777777777778,0.0,0.03550295857988166,0,0
320,3452,34332,0.1276595744680851,1.0,0.24444444444444444,0.15384615384615385,0.7,1.0,0,0
321,4301,29695,1.0,1.0,1.0,0.6071428571428571,0.0,0.052083333333333336,0,1
322,3412,7356,0.1038961038961039,1.0,0.125,0.15384615384615385,0.7,0.7164179104477612,623,0
323,4743,41114,0.13861386138613863,0.7142857142857143,0.5925925925925926,0.22950819672131148,0.0,0.02112676056338028,0,0
324,431,33296,0.5333333333333333,1.0,0.6,0.10714285714285714,0.0,0.6941176470588235,0,1
325,303,22289,0.08,1.0,0.6458333333333334,0.03614457831325301,0.0,0.8048780487804879,0,0
326,3318,34341,0.10526315789473684,1.0,0.37037037037037035,0.15384615384615385,0.0,1.0,0,0
327,1164,27994,1.0,1.0,0.6428571428571429,0.2777777777777778,0.0,0.03529411764705882,0,1
328,5065,36955,0.08333333333333333,0.48,0.1323529411764706,0.35294117647058826,0.0,0.2702702702702703,5268,0
329,1437,52937,0.23529411764705882,1.0,0.3235294117647059,0.09523809523809523,0.0,0.034482758620689655,0,0
330,1262,34952,0.1523809523809524,1.0,0.1875,0.2962962962962963,0.0,0.12280701754385964,460,0
331,2939,48458,0.12643678160919541,0.11538461538461539,0.10309278350515463,0.022222222222222223,0.0,0.01020408163265306,7,0
332,2408,54231,0.24444444444444444,1.0,1.0,0.18181818181818182,0.30000000000000004,0.03508771929824561,0,0
333,5088,9508,0.07058823529411765,1.0,0.2702702702702703,0.3939393939393939,0.0,0.7701149425287356,528,0
334,6287,47807,0.2,1.0,0.24390243902439024,0.14285714285714285,0.0,0.015625,69,0
335,1683,23727,1.0,1.0,0.3137254901960784,0.20454545454545456,0.4,0.25274725274725274,0,1
336,1203,34883,0.1956521739130435,1.0,0.5135135135135135,0.2777777777777778,0.0,0.18536585365853658,1921,0
337,5352,30496,0.06779661016949153,0.12903225806451613,0.3627450980392157,0.2,0.0,0.047619047619047616,168,0
338,5083,40471,1.0,1.0,0.20689655172413793,0.3939393939393939,0.0,0.7816091954022989,308,1
339,3363,37616,0.10377358490566038,1.0,0.09285714285714286,0.3076923076923077,1.0,0.04918032786885246,2582,0
340,2368,33786,1.0,1.0,1.0,0.18181818181818182,0.0,0.0,0,1
341,5406,27824,1.0,1.0,0.1111111111111111,0.10714285714285714,0.0,0.5365853658536586,99,1
342,896,44693,0.044444444444444446,1.0,0.3181818181818182,0.0958904109589041,0.0,0.5774647887323944,1,0
343,2812,47863,1.0,1.0,0.34615384615384615,0.13793103448275862,0.0,0.05263157894736842,0,1
344,2337,54230,1.0,1.0,0.4888888888888889,0.18181818181818182,0.0,0.03773584905660377,31380,1
345,3437,34343,0.1125,1.0,0.37037037037037035,0.15384615384615385,0.0,1.0,0,0
346,3459,34324,0.15151515151515152,1.0,0.24444444444444444,0.15384615384615385,0.7,1.0,0,0
347,1290,34000,0.13157894736842105,1.0,0.5882352941176471,0.40476190476190477,0.0,0.025,0,0
348,1280,9941,0.20388349514563106,0.2727272727272727,0.23404255319148937,0.0,0.30000000000000004,0.008928571428571428,1431,0
349,1269,34898,0.11578947368421053,1.0,1.0,0.2962962962962963,0.0,0.11278195488721804,0,0
350,5733,4465,1.0,1.0,1.0,0.16363636363636364,0.0,0.045454545454545456,0,1
351,668,24621,1.0,1.0,0.46938775510204084,0.37209302325581395,0.0,0.7777777777777778,0,1
352,6443,32639,0.7567567567567568,1.0,0.06542056074766354,0.0,1.29,0.11827956989247312,98,0
353,1918,9358,1.0,1.0,1.0,0.046153846153846156,0.0,0.07575757575757576,35783,1
354,4312,6130,1.0,1.0,1.0,0.041666666666666664,0.0,0.7931034482758621,0,1
355,4692,40159,0.125,1.0,0.02631578947368421,0.11363636363636363,0.0,0.008130081300813009,1455,0
356,1433,49484,0.3404255319148936,1.0,0.4576271186440678,0.12244897959183673,1.29,0.08653846153846154,1,0
357,4936,36673,0.07692307692307693,1.0,1.0,0.14,0.0,0.8470588235294118,0,0
358,262,53016,0.2553191489361702,1.0,0.15,0.375,0.0,0.782608695652174,0,0
359,5088,40487,0.10526315789473684,1.0,0.20689655172413793,0.3939393939393939,0.0,0.7816091954022989,308,0
360,2022,28157,0.47058823529411764,1.0,0.3103448275862069,0.1794871794871795,0.0,1.0,0,0
361,1216,33988,1.0,1.0,1.0,0.35714285714285715,0.0,0.025,0,1
362,3449,34325,0.11940298507462686,1.0,0.24444444444444444,0.15384615384615385,0.7,1.0,0,0
363,1267,34917,0.3333333333333333,1.0,1.0,0.2962962962962963,0.0,0.11278195488721804,0,0
364,4697,43756,0.09523809523809523,0.24489795918367346,0.13157894736842105,0.5666666666666667,0.0,0.0423728813559322,847,0
365,6679,44061,0.053763440860215055,1.0,0.2948717948717949,0.0,0.30000000000000004,0.5625,2156,0
366,1358,42278,0.5098039215686274,1.0,0.34545454545454546,0.40540540540540543,0.0,1.0,0,1
367,3618,30321,0.15873015873015872,1.0,0.5,0.3148148148148148,0.0,0.08,0,0
368,3412,34324,0.15151515151515152,1.0,0.24444444444444444,0.15384615384615385,0.7,1.0,0,0
369,6592,38375,1.0,1.0,1.0,0.11475409836065574,0.0,0.717391304347826,8,1
370,2725,17169,0.30612244897959184,1.0,0.5405405405405406,0.25,1.29,0.01652892561983471,2339,0
371,5349,47893,0.030303030303030304,1.0,1.0,0.2,0.0,0.20212765957446807,0,0
372,529,44877,0.43478260869565216,1.0,0.018518518518518517,0.0,0.7,0.0,272,0
373,2317,20279,0.06976744186046512,1.0,1.0,0.18181818181818182,0.0,0.0,0,0
374,667,24620,0.43209876543209874,1.0,0.46938775510204084,0.37209302325581395,0.30000000000000004,0.7777777777777778,0,0
375,1205,27980,0.2247191011235955,1.0,0.6428571428571429,0.2777777777777778,0.0,0.03529411764705882,0,0
376,3350,7388,0.125,1.0,0.125,0.15384615384615385,0.7,0.7164179104477612,623,0
377,1155,31282,0.1559633027522936,0.2727272727272727,0.1896551724137931,0.058823529411764705,0.30000000000000004,0.08762886597938144,4206,0
378,6867,13586,0.11,1.0,0.4444444444444444,0.3220338983050847,0.0,0.1388888888888889,0,0
379,1616,27519,0.31666666666666665,1.0,0.39473684210526316,0.1111111111111111,0.0,0.017857142857142856,0,0
380,1238,36650,0.14,0.52,0.1125,0.3409090909090909,0.30000000000000004,0.5972222222222222,840,0
381,4669,41083,0.34177215189873417,0.7142857142857143,0.5925925925925926,0.22950819672131148,0.0,0.02112676056338028,0,1
382,6866,13587,0.18461538461538463,1.0,0.4444444444444444,0.3220338983050847,0.0,0.1388888888888889,0,0
383,1552,50063,0.1323529411764706,1.0,0.0967741935483871,0.14285714285714285,0.0,0.897196261682243,771,0
384,6425,31102,1.0,1.0,0.425,0.07692307692307693,0.0,0.05405405405405406,0,1
385,2752,17215,0.30612244897959184,1.0,0.2777777777777778,0.25,1.29,0.01652892561983471,2339,0
386,3292,7440,0.6666666666666666,1.0,0.46875,0.125,0.0,1.0,0,1
387,6524,38300,0.08450704225352113,1.0,0.17073170731707318,0.34545454545454546,0.0,0.6388888888888888,0,0
388,1272,47771,0.1348314606741573,0.2727272727272727,0.16176470588235295,0.0,0.30000000000000004,0.03333333333333333,402,0
389,3421,34324,0.15151515151515152,1.0,0.24444444444444444,0.15384615384615385,0.7,1.0,0,0
390,6280,47818,0.6136363636363636,1.0,0.5,0.14285714285714285,0.0,0.015625,69,1
391,1355,6230,0.12048192771084337,1.0,0.2,0.40540540540540543,0.0,0.041666666666666664,416,0
392,3734,47848,1.0,1.0,0.34615384615384615,0.11666666666666667,0.0,0.05084745762711865,0,1
393,5071,34899,0.16666666666666666,1.0,0.16393442622950818,0.21739130434782608,1.29,0.06422018348623854,703,0
394,253,52996,0.2553191489361702,1.0,0.15,0.375,0.0,0.782608695652174,0,0
395,6333,18444,0.15942028985507245,1.0,0.425,0.18333333333333332,0.0,0.7954545454545454,63,0
396,2455,49200,0.125,1.0,1.0,0.16363636363636364,0.0,0.0,1,0
397,1270,27984,0.10975609756097561,1.0,0.2631578947368421,0.2962962962962963,0.0,0.05194805194805195,1921,0
398,1161,27990,1.0,1.0,0.2857142857142857,0.2777777777777778,0.0,0.03550295857988166,0,1
399,1274,9947,0.19811320754716982,0.2727272727272727,0.23404255319148937,0.0,0.30000000000000004,0.008928571428571428,1431,0
400,251,53047,0.575,1.0,0.15,0.375,0.0,0.782608695652174,0,1
401,1275,34897,0.09782608695652174,1.0,1.0,0.2962962962962963,0.0,0.11278195488721804,0,0
402,1273,27979,0.07476635514018691,1.0,0.2631578947368421,0.2962962962962963,0.0,0.05194805194805195,1921,0
403,1291,34055,0.125,1.0,0.4878048780487805,0.40476190476190477,0.30000000000000004,0.04,0,0
404,2988,22500,0.06422018348623854,0.5,0.1111111111111111,0.2962962962962963,0.0,0.1568627450980392,119,0
405,2768,50547,0.20930232558139536,1.0,0.06382978723404255,0.4444444444444444,0.0,0.04597701149425287,130,0
406,347,35883,0.08791208791208792,1.0,0.5405405405405406,0.2,0.0,1.0,0,0
407,3415,34308,0.11940298507462686,1.0,0.24444444444444444,0.15384615384615385,0.7,1.0,0,0
408,1317,34066,0.09259259259259259,1.0,0.4878048780487805,0.35714285714285715,0.30000000000000004,0.04,0,0
409,3320,7357,0.09090909090909091,1.0,0.125,0.15384615384615385,0.7,0.7164179104477612,623,0
410,2064,45391,0.16666666666666666,0.2857142857142857,0.18181818181818182,0.02,0.30000000000000004,0.025,9017,0
411,1683,23781,1.0,1.0,1.0,0.20454545454545456,0.0,0.25274725274725274,0,1
412,1156,34886,0.11510791366906475,1.0,0.5135135135135135,0.2777777777777778,0.0,0.18536585365853658,1921,0
413,3271,7926,0.11538461538461539,1.0,0.6363636363636364,0.13636363636363635,1.29,0.696969696969697,0,0
414,5942,29264,0.10588235294117647,0.41935483870967744,0.19298245614035087,0.037037037037037035,0.30000000000000004,0.43243243243243246,1610,0
415,1260,31287,0.13829787234042554,0.2727272727272727,0.18333333333333332,0.0,0.6000000000000001,0.008695652173913044,2285,0
416,4047,14998,0.1346153846153846,0.4,0.06896551724137931,0.18421052631578946,0.0,0.4647058823529412,204,0
417,1276,31285,0.13978494623655913,0.2727272727272727,0.18333333333333332,0.0,0.30000000000000004,0.008695652173913044,2285,0
418,1784,20222,0.06976744186046512,1.0,0.07894736842105263,0.2558139534883721,0.0,0.2833333333333333,56,0
419,2022,28164,0.19298245614035087,1.0,0.56,0.1794871794871795,0.0,1.0,0,0
420,2720,17143,0.26785714285714285,1.0,0.5882352941176471,0.25,1.29,0.01652892561983471,2339,0
421,5153,44698,0.12307692307692308,1.0,0.16129032258064516,0.2413793103448276,0.0,0.2647058823529412,518,0
422,1552,50060,0.11940298507462686,1.0,0.0967741935483871,0.14285714285714285,0.0,0.897196261682243,771,0
423,537,1878,0.7317073170731707,1.0,1.0,0.041666666666666664,0.0,0.0,0,1
424,3319,34342,0.11940298507462686,1.0,0.24444444444444444,0.15384615384615385,0.7,1.0,0,0
425,1406,48287,1.0,1.0,0.59375,0.20588235294117646,0.09999999999999998,1.0,0,1
426,4745,41095,0.09574468085106383,0.7142857142857143,0.5925925925925926,0.22950819672131148,0.0,0.02112676056338028,0,0
427,1179,36652,0.11023622047244094,1.0,0.1125,0.3409090909090909,0.30000000000000004,0.5972222222222222,805,0
428,6429,31088,1.0,1.0,0.7435897435897436,0.07692307692307693,0.0,0.05405405405405406,0,1
429,2324,1222,0.1568627450980392,0.2608695652173913,0.4482758620689655,0.32142857142857145,0.09999999999999998,0.018867924528301886,2866,0
0,1409,51560,0.16666666666666666,1.0,1.0,0.5666666666666667,0.0,0.696969696969697,0,0
1,1289,34035,0.16326530612244897,1.0,0.4878048780487805,0.40476190476190477,0.30000000000000004,0.04,0,0
2,2666,35475,1.0,1.0,1.0,0.20930232558139536,0.0,0.8409090909090909,0,1
3,1157,27989,0.07142857142857142,1.0,0.6428571428571429,0.2777777777777778,0.0,0.03529411764705882,0,0
4,3332,7412,0.08695652173913043,1.0,0.46875,0.125,0.0,1.0,0,0
5,1303,34060,0.14102564102564102,1.0,0.4878048780487805,0.35714285714285715,0.30000000000000004,0.04,0,0
6,1155,9941,0.1504424778761062,0.2727272727272727,0.24444444444444444,0.03225806451612903,0.30000000000000004,0.08900523560209424,3352,0
7,4733,43755,0.09333333333333334,0.22580645161290322,0.14516129032258066,0.5666666666666667,0.0,0.05454545454545454,980,0
8,3949,38669,0.11940298507462686,1.0,1.0,0.05555555555555555,0.0,0.09090909090909091,0,0
9,2477,1222,0.1568627450980392,0.2608695652173913,0.4482758620689655,0.32142857142857145,0.09999999999999998,0.018867924528301886,2866,0
10,4056,40142,0.0891089108910891,0.4,0.028846153846153848,0.11363636363636363,0.0,0.005813953488372093,1638,0
11,1551,41574,0.14285714285714285,1.0,0.6923076923076923,0.14285714285714285,0.0,0.0,0,0
12,2020,28191,0.20634920634920634,1.0,0.56,0.1794871794871795,0.0,1.0,0,0
13,1405,55640,0.4146341463414634,1.0,0.28,0.20588235294117646,0.0,0.0196078431372549,0,0
14,380,33288,0.09836065573770492,1.0,0.45454545454545453,0.08823529411764706,0.0,0.6941176470588235,0,0
15,1545,41588,0.6481481481481481,1.0,0.6923076923076923,0.14285714285714285,0.0,0.0,0,0
16,4236,27814,0.15517241379310345,1.0,0.1509433962264151,0.03333333333333333,0.0,0.7058823529411765,97,0
17,4734,31604,0.1232876712328767,0.36363636363636365,0.07692307692307693,0.46153846153846156,0.0,0.05,315,0
18,1236,50715,0.13253012048192772,1.0,0.23529411764705882,0.5666666666666667,0.30000000000000004,0.9047619047619048,213,0
19,4823,20588,1.0,1.0,0.20588235294117646,0.10714285714285714,0.0,0.6578947368421053,0,1
20,1168,34894,0.3516483516483517,1.0,1.0,0.2962962962962963,0.0,0.11278195488721804,0,0
21,1202,28013,0.21153846153846154,1.0,0.2857142857142857,0.2777777777777778,0.0,0.03550295857988166,0,0
22,210,19800,0.11214953271028037,1.0,0.18518518518518517,0.0,0.0,0.14814814814814814,745,0
23,3376,7414,0.6666666666666666,1.0,0.46875,0.125,0.0,1.0,0,1
24,5712,35057,0.4716981132075472,1.0,0.09183673469387756,0.11666666666666667,0.0,0.8738738738738738,10,1
25,303,22290,0.075,1.0,0.6458333333333334,0.03614457831325301,0.0,0.8048780487804879,0,0
26,3346,37611,0.08181818181818182,1.0,0.09285714285714286,0.3076923076923077,1.0,0.04918032786885246,2582,0
27,6764,51438,0.08888888888888889,1.0,0.175,0.11627906976744186,0.0,0.4864864864864865,1039,1
28,2021,28403,0.061855670103092786,1.0,0.1232876712328767,0.11428571428571428,0.30000000000000004,0.14285714285714285,1023,0
29,1084,9523,0.10294117647058823,1.0,1.0,0.32075471698113206,1.29,0.8734177215189873,2339,0
30,1204,28025,0.07142857142857142,1.0,0.6428571428571429,0.2777777777777778,0.0,0.03529411764705882,0,0
31,1828,15256,0.2,1.0,0.1724137931034483,0.1111111111111111,0.0,0.10909090909090909,9,0
32,5147,43656,0.11594202898550725,1.0,0.6666666666666666,0.2413793103448276,0.0,0.5777777777777777,126,0
33,2694,17169,0.30612244897959184,1.0,0.5405405405405406,0.25,1.29,0.01652892561983471,2339,0
34,592,43689,1.0,1.0,0.6363636363636364,0.3684210526315789,0.0,0.015384615384615385,0,1
35,2479,33786,1.0,1.0,1.0,0.18181818181818182,0.0,0.0,0,1
36,1542,41590,0.5454545454545454,1.0,0.6923076923076923,0.14285714285714285,0.0,0.0,0,0
37,5001,3099,1.0,1.0,1.0,0.20454545454545456,0.0,0.02857142857142857,0,1
38,2021,28279,0.17142857142857143,1.0,0.56,0.1794871794871795,0.0,1.0,0,0
39,6290,47840,0.1724137931034483,1.0,0.22727272727272727,0.14285714285714285,0.0,0.015625,69,0
40,1193,28006,0.21568627450980393,1.0,0.2857142857142857,0.2777777777777778,0.0,0.03550295857988166,0,0
41,801,29543,0.10576923076923077,0.3333333333333333,0.09090909090909091,0.0,0.4,0.015625,3448,0
42,6234,13713,1.0,1.0,1.0,0.28125,0.0,0.15846994535519127,0,1
43,3349,7362,0.1038961038961039,1.0,0.125,0.15384615384615385,0.7,0.7164179104477612,623,0
44,3549,19057,0.13793103448275862,1.0,0.19480519480519481,0.11290322580645161,0.0,0.7238805970149254,1373,0
45,1625,27515,0.13333333333333333,1.0,0.2,0.09523809523809523,0.0,0.017094017094017096,861,0
46,2749,17161,0.631578947368421,1.0,0.5882352941176471,0.25,1.29,0.01652892561983471,2339,1
47,5409,20551,0.09090909090909091,1.0,0.2682926829268293,0.10714285714285714,0.0,0.5365853658536586,1002,0
48,1148,7757,1.0,1.0,1.0,0.21621621621621623,0.0,1.0,0,1
49,1262,34894,0.3516483516483517,1.0,1.0,0.2962962962962963,0.0,0.11278195488721804,0,0
50,1309,34898,0.09803921568627451,1.0,0.5135135135135135,0.2777777777777778,0.0,0.18536585365853658,1921,0
51,5071,34920,0.1744186046511628,1.0,0.16393442622950818,0.21739130434782608,1.29,0.06422018348623854,703,0
52,317,22283,0.09375,1.0,0.25,0.046875,0.0,0.8734177215189873,0,0
53,467,362,0.2926829268292683,1.0,1.0,0.0,0.0,0.0,0,1
54,6458,18807,0.4878048780487805,1.0,0.32,0.13043478260869565,0.0,0.0,0,1
55,2841,52852,0.2608695652173913,1.0,0.5,0.08333333333333333,0.0,0.04,0,0
56,5085,40496,0.09333333333333334,1.0,0.20689655172413793,0.3939393939393939,0.0,0.7816091954022989,308,0
57,1183,34915,0.3300970873786408,1.0,1.0,0.2962962962962963,0.0,0.11278195488721804,0,0
58,2742,17206,0.30612244897959184,1.0,0.2777777777777778,0.25,1.29,0.01652892561983471,2339,0
59,2459,10377,0.13043478260869565,0.2608695652173913,0.13793103448275862,0.2916666666666667,0.30000000000000004,0.041666666666666664,1143,0
60,3573,53964,0.08653846153846154,1.0,0.05660377358490566,0.1590909090909091,0.30000000000000004,0.08181818181818182,1594,0
61,1344,10527,0.17582417582417584,1.0,0.11940298507462686,0.2962962962962963,0.0,0.5555555555555556,878,0
62,6218,29583,1.0,1.0,0.4090909090909091,0.11864406779661017,0.0,0.8,7,1
63,1159,28024,0.10588235294117647,1.0,0.2631578947368421,0.2962962962962963,0.0,0.05194805194805195,1921,0
64,3360,17651,0.09375,0.39285714285714285,0.07608695652173914,0.09210526315789473,0.30000000000000004,0.02608695652173913,966,0
65,1317,34002,0.0990990990990991,1.0,1.0,0.35714285714285715,0.0,0.025,0,0
66,1151,53282,1.0,1.0,1.0,0.3424657534246575,0.0,0.037037037037037035,0,1
67,1579,41572,0.11224489795918367,1.0,0.6923076923076923,0.14285714285714285,0.0,0.0,0,0
68,252,52996,0.2553191489361702,1.0,0.15,0.375,0.0,0.782608695652174,0,0
69,2399,29849,0.8470588235294118,0.3939393939393939,1.0,0.5348837209302325,0.0,0.7435897435897436,294,1
70,1260,34919,0.36046511627906974,1.0,1.0,0.2962962962962963,0.0,0.11278195488721804,0,0
71,4980,20081,0.024390243902439025,0.13636363636363635,0.08333333333333333,0.3684210526315789,1.29,0.005434782608695652,1491,0
72,1489,3898,1.0,1.0,1.0,0.08163265306122448,0.0,0.008771929824561403,0,1
73,5079,40453,0.08974358974358974,1.0,0.275,0.3939393939393939,0.0,0.7816091954022989,120,0
74,1193,27999,0.21428571428571427,1.0,0.2857142857142857,0.2777777777777778,0.0,0.03550295857988166,0,0
75,2987,37085,0.08695652173913043,0.4642857142857143,0.16129032258064516,0.2962962962962963,0.0,0.05426356589147287,319,0
76,2809,28356,0.11764705882352941,0.12121212121212122,0.08333333333333333,0.030303030303030304,0.0,0.075,306,0
77,3093,22994,1.0,1.0,1.0,0.40816326530612246,0.0,0.07042253521126761,1717,1
78,1278,34912,0.2956521739130435,1.0,1.0,0.2962962962962963,0.0,0.11278195488721804,0,0
79,1343,6231,0.16822429906542055,1.0,0.32432432432432434,0.5666666666666667,0.0,0.5555555555555556,458,0
80,508,55899,1.0,1.0,1.0,0.013333333333333334,0.0,0.10256410256410256,0,1
81,6624,800,0.2727272727272727,1.0,0.12903225806451613,0.2,0.0,0.6041666666666666,127,0
82,4761,6229,0.08602150537634409,1.0,0.03076923076923077,0.06451612903225806,1.29,0.12195121951219512,521,0
83,642,24635,1.0,1.0,1.0,0.06818181818181818,0.0,0.7777777777777778,0,1
84,254,49104,1.0,1.0,0.7777777777777778,0.3,0.0,0.782608695652174,0,1
85,4730,17350,0.17391304347826086,1.0,1.0,0.6052631578947368,1.29,0.058823529411764705,637,0
86,6857,39318,0.36363636363636365,1.0,0.35294117647058826,0.15384615384615385,0.0,0.9166666666666666,0,1
87,4426,43699,0.07692307692307693,1.0,0.11320754716981132,0.2,0.0,0.022988505747126436,738,0
88,1312,28022,0.08181818181818182,1.0,0.2631578947368421,0.2962962962962963,0.0,0.05194805194805195,1921,0
89,5707,37649,0.1111111111111111,1.0,0.1414141414141414,0.2413793103448276,1.29,0.10810810810810811,0,0
90,5806,6499,0.26666666666666666,1.0,1.0,0.07142857142857142,0.0,0.7346938775510204,0,1
91,1447,41580,0.1625,1.0,0.6923076923076923,0.14285714285714285,0.0,0.0,0,0
92,330,22285,0.1125,1.0,0.6458333333333334,0.03614457831325301,0.0,0.8048780487804879,0,0
93,1273,31286,0.21782178217821782,0.2727272727272727,0.18333333333333332,0.0,0.30000000000000004,0.008695652173913044,2285,0
94,4047,37547,0.06,0.2727272727272727,0.1044776119402985,0.2962962962962963,0.30000000000000004,0.07792207792207792,1393,0
95,1233,21564,0.12195121951219512,1.0,0.21348314606741572,0.5666666666666667,0.30000000000000004,0.03896103896103896,1208,0
96,2845,52867,0.4057971014492754,1.0,0.5,0.08333333333333333,0.0,0.04,0,1
97,205,41179,1.0,1.0,0.6153846153846154,0.40476190476190477,0.0,0.7435897435897436,0,1
98,6430,31068,0.25806451612903225,1.0,0.7435897435897436,0.07692307692307693,0.0,0.05405405405405406,0,0
99,3259,4536,0.3333333333333333,1.0,1.0,0.0967741935483871,0.0,0.696969696969697,0,0
100,1655,49479,1.0,1.0,0.4576271186440678,0.12244897959183673,0.99,0.08653846153846154,1,1
101,1264,28000,0.06956521739130435,1.0,0.2631578947368421,0.2962962962962963,0.0,0.05194805194805195,1921,0
102,3944,18970,1.0,1.0,1.0,0.05555555555555555,0.7,0.09183673469387756,0,1
103,1312,28005,0.1111111111111111,1.0,0.2631578947368421,0.2962962962962963,0.0,0.05194805194805195,1921,0
104,5682,35056,0.21153846153846154,1.0,0.25,0.1590909090909091,0.0,0.9166666666666666,0,0
105,3413,34333,0.10526315789473684,1.0,0.24444444444444444,0.15384615384615385,0.7,1.0,0,0
106,3321,34321,0.09411764705882353,1.0,0.24444444444444444,0.15384615384615385,0.7,1.0,0,0
107,147,50730,1.0,1.0,1.0,0.1282051282051282,0.0,0.08849557522123894,0,1
108,2729,17190,0.3409090909090909,1.0,0.30303030303030304,0.25,1.29,0.01652892561983471,2339,0
109,5087,9483,0.10344827586206896,1.0,0.2702702702702703,0.3939393939393939,0.0,0.7701149425287356,528,0
110,598,43689,1.0,1.0,0.6363636363636364,0.3684210526315789,0.0,0.015384615384615385,0,1
111,4747,5682,1.0,1.0,0.2857142857142857,0.46153846153846156,0.0,0.05660377358490566,0,1
112,2680,27453,0.37349397590361444,1.0,0.64,0.28,0.0,0.7142857142857143,0,0
113,3003,8057,0.14893617021276595,0.5357142857142857,0.15384615384615385,0.2962962962962963,0.0,0.05555555555555555,0,0
114,1579,41593,0.603448275862069,1.0,0.6923076923076923,0.14285714285714285,0.0,0.0,0,0
115,1274,31290,0.16964285714285715,0.2727272727272727,0.18333333333333332,0.0,0.30000000000000004,0.008695652173913044,2285,0
116,1264,28015,0.07476635514018691,1.0,0.2631578947368421,0.2962962962962963,0.0,0.05194805194805195,1921,0
117,3175,42596,0.05,1.0,0.11764705882352941,0.3684210526315789,1.29,0.11956521739130435,8665,0
118,1266,34905,0.0963855421686747,1.0,1.0,0.2962962962962963,0.0,0.11278195488721804,0,0
119,3378,7377,0.11842105263157894,1.0,0.3488372093023256,0.125,0.0,1.0,0,0
120,1753,37547,0.13846153846153847,0.5454545454545454,0.2,0.2962962962962963,0.30000000000000004,0.047619047619047616,1379,0
121,1079,9500,0.09375,1.0,0.3181818181818182,0.32075471698113206,1.29,0.8734177215189873,2339,0
122,3451,7344,0.125,1.0,0.125,0.15384615384615385,0.7,0.7164179104477612,623,0
123,1183,31278,0.14736842105263157,0.2727272727272727,0.18333333333333332,0.0,0.30000000000000004,0.008695652173913044,2285,0
124,2020,28341,0.18333333333333332,1.0,0.3584905660377358,0.1794871794871795,0.0,1.0,38,0
125,1776,33397,0.2631578947368421,1.0,1.0,0.2558139534883721,0.0,0.3220338983050847,0,1
126,5852,32665,0.225,1.0,0.1125,0.04838709677419355,0.7,0.6346153846153846,322,0
127,5147,43679,0.11428571428571428,1.0,0.43137254901960786,0.2413793103448276,0.0,0.5777777777777777,126,0
128,1260,54194,0.1391304347826087,1.0,0.11940298507462686,0.2962962962962963,0.30000000000000004,0.06818181818181818,108,0
129,4890,35775,0.07476635514018691,0.09259259259259259,0.171875,0.0,0.4,0.04838709677419355,23,0
130,624,8814,0.08860759493670886,0.043478260869565216,0.09195402298850575,0.0,0.30000000000000004,0.10101010101010101,109,0
131,2782,31534,1.0,1.0,1.0,0.1206896551724138,0.0,0.8461538461538461,0,1
132,3358,39320,0.3333333333333333,1.0,0.23333333333333334,0.15384615384615385,0.0,1.0,0,1
133,1022,9526,0.16666666666666666,1.0,1.0,0.32075471698113206,1.29,0.8734177215189873,2339,0
134,6314,20460,0.13157894736842105,1.0,0.5645161290322581,0.2,0.0,0.675,2344,0
135,4726,40156,0.09210526315789473,1.0,0.3103448275862069,0.2807017543859649,0.7,0.008771929824561403,182,0
136,1231,55245,0.1485148514851485,0.2727272727272727,0.15789473684210525,0.0,0.0,0.03614457831325301,31,0
137,1277,28012,0.17117117117117117,1.0,0.2631578947368421,0.2962962962962963,0.0,0.05194805194805195,1921,0
138,1158,21574,0.13953488372093023,0.14084507042253522,0.10666666666666667,0.2962962962962963,0.30000000000000004,0.04888888888888889,20,0
139,836,23706,0.46875,1.0,0.7037037037037037,0.10294117647058823,0.0,0.7368421052631579,0,1
140,3850,9120,1.0,1.0,0.8260869565217391,0.28125,0.0,0.13114754098360656,0,1
141,5059,34879,0.18181818181818182,1.0,0.16393442622950818,0.21739130434782608,0.0,0.06422018348623854,703,0
142,2022,28261,0.16176470588235295,1.0,0.56,0.1794871794871795,0.0,1.0,0,0
143,3327,34307,0.15151515151515152,1.0,0.24444444444444444,0.15384615384615385,0.7,1.0,0,0
144,5208,22907,0.11904761904761904,0.375,0.3055555555555556,0.12962962962962962,0.0,0.017241379310344827,862,0
145,1263,31287,0.13829787234042554,0.2727272727272727,0.18333333333333332,0.0,0.6000000000000001,0.008695652173913044,2285,0
146,3312,34336,0.14705882352941177,1.0,0.24444444444444444,0.15384615384615385,0.7,1.0,0,0
147,1542,41566,0.10752688172043011,1.0,0.6923076923076923,0.14285714285714285,0.0,0.0,0,0
148,5082,40476,0.0821917808219178,1.0,0.20689655172413793,0.3939393939393939,0.0,0.7816091954022989,308,0
149,6532,38301,0.39285714285714285,1.0,0.17073170731707318,0.34545454545454546,0.0,0.6388888888888888,0,1
150,3324,7403,0.39285714285714285,1.0,0.32,0.125,0.7,1.0,0,1
151,2731,17200,0.2542372881355932,1.0,0.2777777777777778,0.25,1.29,0.01652892561983471,2339,0
152,276,53019,0.2692307692307692,1.0,0.15,0.375,0.0,0.782608695652174,0,0
153,3372,7437,0.1111111111111111,1.0,0.46875,0.125,0.0,1.0,0,0
154,5080,9487,0.09230769230769231,1.0,0.2702702702702703,0.3939393939393939,0.0,0.7701149425287356,528,0
155,6047,4667,0.3,1.0,0.3,0.10714285714285714,0.0,0.6486486486486487,0,1
156,1623,27506,0.10666666666666667,1.0,0.7297297297297297,0.1111111111111111,0.0,0.017857142857142856,0,0
157,1278,27994,0.17117117117117117,1.0,0.2631578947368421,0.2962962962962963,0.0,0.05194805194805195,1921,0
158,3255,4532,0.40425531914893614,1.0,1.0,0.0967741935483871,0.0,0.696969696969697,0,0
159,4384,23361,1.0,1.0,1.0,0.1891891891891892,0.0,0.8633879781420765,0,1
160,5993,38107,0.03571428571428571,0.38235294117647056,0.3157894736842105,0.5813953488372093,0.7,0.7361111111111112,665,0
161,3461,7348,0.1375,1.0,0.125,0.15384615384615385,0.7,0.7164179104477612,623,0
162,3887,16397,1.0,1.0,0.5172413793103449,0.05454545454545454,0.0,0.058823529411764705,3,1
163,1312,28011,0.14,1.0,0.2631578947368421,0.2962962962962963,0.0,0.05194805194805195,1921,0
164,1314,34035,0.16326530612244897,1.0,0.4878048780487805,0.35714285714285715,0.30000000000000004,0.04,0,0
165,361,37081,0.15178571428571427,1.0,0.11267605633802817,0.45714285714285713,0.0,0.4322033898305085,1410,0
166,4610,26152,1.0,1.0,1.0,0.20930232558139536,0.0,0.75,36525,1
167,6855,7373,0.047058823529411764,1.0,0.13636363636363635,0.15384615384615385,0.0,0.6666666666666666,1240,0
168,4058,40164,0.358974358974359,1.0,0.6078431372549019,0.3137254901960784,0.0,0.008771929824561403,0,0
169,1897,51626,1.0,1.0,0.32,0.05084745762711865,0.0,0.17142857142857143,1,1
170,3354,17660,0.4827586206896552,1.0,0.43333333333333335,0.2413793103448276,0.0,0.05405405405405406,0,1
171,1777,20232,0.41304347826086957,1.0,1.0,0.2558139534883721,0.0,0.2982456140350877,0,1
172,3450,34292,0.14705882352941177,1.0,0.2619047619047619,0.15384615384615385,0.7,1.0,0,0
173,1736,10938,0.7037037037037037,1.0,1.0,0.28125,0.0,0.04310344827586207,0,1
174,250,52970,0.3783783783783784,1.0,0.17647058823529413,0.375,0.0,0.782608695652174,0,0
175,110,53087,0.575,1.0,0.15,0.375,0.0,0.782608695652174,0,1
176,5827,6502,0.42105263157894735,1.0,0.23333333333333334,0.2,0.0,0.7346938775510204,0,1
177,3449,7363,0.1375,1.0,0.125,0.15384615384615385,0.7,0.7164179104477612,623,0
178,2490,4511,1.0,1.0,0.64,0.16363636363636364,0.0,1.0,0,1
179,282,52990,0.3783783783783784,1.0,0.15,0.375,0.0,0.782608695652174,0,0
180,261,53008,0.32558139534883723,1.0,0.15,0.375,0.0,0.782608695652174,0,0
181,1735,10926,0.7037037037037037,1.0,1.0,0.28125,0.0,0.04310344827586207,0,1
182,1595,52925,0.42857142857142855,1.0,0.4375,0.09523809523809523,0.0,0.034482758620689655,0,1
183,5130,37223,0.07017543859649122,0.22580645161290322,0.3333333333333333,0.16666666666666666,0.30000000000000004,0.6904761904761905,0,0
184,3564,19787,0.13846153846153847,1.0,0.08108108108108109,0.2962962962962963,0.0,0.045454545454545456,455,0
185,6724,17069,1.0,1.0,1.0,0.2857142857142857,0.0,0.7045454545454546,0,1
186,1338,42035,0.1717171717171717,1.0,0.046875,0.2962962962962963,0.0,0.5555555555555556,1074,0
187,3449,34332,0.1276595744680851,1.0,0.24444444444444444,0.15384615384615385,0.7,1.0,0,0
188,5542,10251,1.0,1.0,1.0,0.16,0.0,0.13368983957219252,0,1
189,1203,27999,0.09278350515463918,1.0,0.6428571428571429,0.2777777777777778,0.0,0.03529411764705882,0,0
190,1285,34041,0.0990990990990991,1.0,0.4878048780487805,0.40476190476190477,0.30000000000000004,0.04,0,0
191,433,33307,1.0,1.0,0.2631578947368421,0.10714285714285714,0.0,0.6941176470588235,0,1
192,251,52967,0.6216216216216216,1.0,0.17647058823529413,0.375,0.0,0.782608695652174,0,1
193,5030,21803,0.16129032258064516,1.0,0.34285714285714286,0.5,0.0,0.6176470588235294,325,0
194,4715,31612,0.14,1.0,0.09375,0.18421052631578946,0.0,0.022556390977443608,1266,0
195,3450,7383,0.1111111111111111,1.0,0.125,0.15384615384615385,0.7,0.7164179104477612,623,0
196,3414,34350,0.10526315789473684,1.0,0.24444444444444444,0.15384615384615385,0.7,1.0,0,0
197,1263,28025,0.07547169811320754,1.0,0.2631578947368421,0.2962962962962963,0.0,0.05194805194805195,1921,0
198,313,22286,0.11290322580645161,1.0,0.25,0.046875,0.0,0.8734177215189873,0,0
199,5086,40446,0.15254237288135594,1.0,0.6363636363636364,0.3939393939393939,0.0,0.8452380952380952,0,0
200,1165,27986,0.08695652173913043,1.0,0.6428571428571429,0.2777777777777778,0.0,0.03529411764705882,0,0
201,1268,31286,0.21782178217821782,0.2727272727272727,0.18333333333333332,0.0,0.30000000000000004,0.008695652173913044,2285,0
202,2022,28244,0.19402985074626866,1.0,0.56,0.1794871794871795,0.0,1.0,0,0
203,1577,49518,0.1518987341772152,1.0,0.574468085106383,0.12244897959183673,0.0,0.0,1,0
204,1759,27480,0.08759124087591241,0.15789473684210525,0.07633587786259542,0.0,0.6000000000000001,0.01282051282051282,469,0
205,6634,824,1.0,1.0,1.0,0.14285714285714285,0.0,0.717391304347826,0,1
206,1175,34891,0.12605042016806722,1.0,0.5135135135135135,0.2777777777777778,0.0,0.18536585365853658,1921,0
207,1543,41585,0.5147058823529411,1.0,0.6923076923076923,0.14285714285714285,0.0,0.0,0,0
208,1784,11758,0.10714285714285714,0.2727272727272727,0.14893617021276595,0.2558139534883721,0.30000000000000004,0.0625,220,0
209,4733,31618,0.1232876712328767,0.36363636363636365,0.07692307692307693,0.46153846153846156,0.0,0.05,315,0
210,3407,7387,0.14864864864864866,1.0,0.4807692307692308,0.125,0.7,1.0,0,0
211,3270,49156,0.14285714285714285,1.0,0.21875,0.13636363636363635,1.29,0.2631578947368421,475,0
212,1275,28013,0.14457831325301204,1.0,0.2631578947368421,0.2962962962962963,0.0,0.05194805194805195,1921,0
213,5062,34901,0.2028985507246377,1.0,0.16393442622950818,0.21739130434782608,0.0,0.06422018348623854,703,0
214,3864,8306,0.26,1.0,1.0,0.16071428571428573,0.0,0.08928571428571429,0,1
215,5215,44681,0.14457831325301204,1.0,0.22641509433962265,0.2413793103448276,0.0,0.21428571428571427,517,0
216,4053,31610,0.07339449541284404,0.4,0.060240963855421686,0.18421052631578946,0.0,0.05113636363636364,1470,0
217,2901,21458,1.0,1.0,0.5277777777777778,0.22535211267605634,0.0,0.0,0,1
218,341,27491,0.21428571428571427,1.0,0.14705882352941177,0.3235294117647059,0.0,0.04597701149425287,1347,0
219,1345,42034,0.24324324324324326,1.0,0.08333333333333333,0.40540540540540543,0.0,0.5555555555555556,196,0
220,2744,17201,0.32608695652173914,1.0,0.2777777777777778,0.25,1.29,0.01652892561983471,2339,0
221,3452,34321,0.09411764705882353,1.0,0.24444444444444444,0.15384615384615385,0.7,1.0,0,0
222,582,378,0.2926829268292683,1.0,1.0,0.0,0.0,0.0,0,1
223,2809,44223,0.06315789473684211,0.12121212121212122,0.04878048780487805,0.0,0.30000000000000004,0.009523809523809525,1378,0
224,1279,34874,0.0970873786407767,1.0,1.0,0.2962962962962963,0.0,0.11278195488721804,0,0
225,5702,37654,0.6363636363636364,1.0,0.1414141414141414,0.2413793103448276,0.0,0.10810810810810811,0,1
226,2962,22498,0.168141592920354,0.5,0.13333333333333333,0.2962962962962963,0.0,0.1568627450980392,73,0
227,1299,34007,0.16326530612244897,1.0,1.0,0.40476190476190477,0.0,0.025,0,0
228,6345,18442,0.08108108108108109,1.0,0.425,0.18333333333333332,0.0,0.7954545454545454,63,0
229,4736,30405,0.2222222222222222,0.1346153846153846,0.09433962264150944,0.5666666666666667,0.0,0.08823529411764706,133,0
230,2862,22966,0.16666666666666666,0.1724137931034483,0.45,0.0,0.30000000000000004,0.04040404040404041,2880,0
231,2222,815,1.0,1.0,1.0,0.25,0.0,0.8823529411764706,0,1
232,1347,42021,0.1414141414141414,1.0,0.046875,0.2962962962962963,0.0,0.5555555555555556,1074,0
233,5146,44694,0.09333333333333334,1.0,0.16129032258064516,0.2413793103448276,0.0,0.2647058823529412,518,0
234,1164,9943,0.14782608695652175,0.2727272727272727,0.24444444444444444,0.03225806451612903,0.6000000000000001,0.08900523560209424,3352,0
235,2862,42525,0.19444444444444445,0.5416666666666666,0.25,0.0,0.0,0.1910828025477707,151,0
236,5207,22901,0.10465116279069768,0.36,0.3055555555555556,0.12962962962962962,0.0,0.017241379310344827,862,0
237,1184,12106,0.09574468085106383,1.0,0.09278350515463918,0.2962962962962963,0.0,0.027972027972027972,218,0
238,3104,22995,1.0,1.0,1.0,0.28125,0.0,0.07042253521126761,1710,1
239,1598,52923,0.11764705882352941,1.0,0.4375,0.09523809523809523,0.0,0.034482758620689655,0,0
240,289,22313,0.08045977011494253,1.0,0.41379310344827586,0.046875,0.0,0.8734177215189873,0,0
241,1195,28050,0.3409090909090909,1.0,1.0,0.2777777777777778,0.0,0.03550295857988166,0,0
242,3236,5545,0.06481481481481481,1.0,0.13953488372093023,0.2,0.0,0.5135135135135135,1527,0
243,4659,41090,0.8831168831168831,0.7142857142857143,0.5925925925925926,0.22950819672131148,0.0,0.02112676056338028,0,1
244,5518,9828,0.6,1.0,0.6363636363636364,0.18181818181818182,0.0,0.13368983957219252,0,1
245,2020,28308,0.1896551724137931,1.0,0.56,0.1794871794871795,0.0,1.0,0,0
246,1193,28008,1.0,1.0,0.2857142857142857,0.2777777777777778,0.0,0.03550295857988166,0,1
247,3499,54794,0.1724137931034483,1.0,1.0,0.4126984126984127,0.0,0.10810810810810811,0,0
248,5073,34877,0.22018348623853212,1.0,0.16393442622950818,0.21739130434782608,0.0,0.06422018348623854,703,0
249,5515,9835,0.18181818181818182,1.0,0.6363636363636364,0.18181818181818182,0.0,0.13368983957219252,0,0
250,311,22308,0.11267605633802817,1.0,0.2765957446808511,0.03614457831325301,0.0,0.8048780487804879,0,0
251,325,22311,0.08108108108108109,1.0,0.2765957446808511,0.03614457831325301,0.0,0.8048780487804879,0,0
252,3574,53962,0.1262135922330097,1.0,0.05660377358490566,0.1590909090909091,0.30000000000000004,0.08181818181818182,1594,0
253,3507,23084,0.8241758241758241,1.0,0.7156862745098039,0.2962962962962963,0.0,1.0,17,1
254,1570,27494,0.0625,1.0,0.1694915254237288,0.12244897959183673,0.0,0.02586206896551724,1855,0
255,3398,7369,0.08695652173913043,1.0,0.3488372093023256,0.125,0.0,1.0,0,0
256,2375,3581,1.0,1.0,1.0,0.20454545454545456,0.0,0.0,36525,1
257,5985,38096,0.05714285714285714,0.3939393939393939,0.3157894736842105,0.5813953488372093,0.30000000000000004,0.7361111111111112,665,0
258,265,52970,0.3783783783783784,1.0,0.17647058823529413,0.375,0.0,0.782608695652174,0,0
259,2959,7497,0.07317073170731707,0.3611111111111111,0.12307692307692308,0.2962962962962963,0.0,0.19148936170212766,465,0
260,3308,7387,0.14864864864864866,1.0,0.4807692307692308,0.125,0.7,1.0,0,0
261,416,33321,1.0,1.0,0.2631578947368421,0.05454545454545454,0.0,0.6941176470588235,0,1
262,3440,34314,0.1111111111111111,1.0,0.37037037037037035,0.15384615384615385,0.0,1.0,0,0
263,1269,28015,0.07476635514018691,1.0,0.2631578947368421,0.2962962962962963,0.0,0.05194805194805195,1921,0
264,1182,34041,0.0990990990990991,1.0,0.4878048780487805,0.35714285714285715,0.30000000000000004,0.04,0,0
265,3634,54794,0.1724137931034483,1.0,1.0,0.4126984126984127,0.0,0.10810810810810811,0,0
266,6314,20455,0.0625,1.0,0.5645161290322581,0.2,0.0,0.675,2344,0
267,1301,28063,0.08791208791208792,1.0,0.20689655172413793,0.2777777777777778,0.0,0.03529411764705882,0,0
268,3870,23901,1.0,1.0,1.0,0.16071428571428573,0.0,0.0,0,1
269,4761,6235,0.09090909090909091,1.0,0.028985507246376812,0.06451612903225806,1.29,0.12195121951219512,612,0
270,1669,52916,0.1267605633802817,1.0,0.12307692307692308,0.1111111111111111,0.0,0.045454545454545456,861,0
271,4326,23361,1.0,1.0,1.0,0.1891891891891892,0.0,0.8633879781420765,0,1
272,4678,41114,0.13861386138613863,0.7142857142857143,0.5925925925925926,0.22950819672131148,0.0,0.02112676056338028,0,0
273,249,53087,0.575,1.0,0.15,0.375,0.0,0.782608695652174,0,1
274,1316,9940,0.13178294573643412,0.2727272727272727,0.24444444444444444,0.03225806451612903,0.30000000000000004,0.08900523560209424,3352,0
275,5695,37659,0.08088235294117647,1.0,0.1414141414141414,0.2413793103448276,0.0,0.10810810810810811,0,0
276,6289,47836,0.14516129032258066,1.0,0.22727272727272727,0.14285714285714285,0.0,0.015625,69,0
277,4743,41115,0.09574468085106383,0.7142857142857143,0.5925925925925926,0.22950819672131148,0.0,0.02112676056338028,0,0
278,426,33282,0.5333333333333333,1.0,0.6,0.10714285714285714,0.0,0.6941176470588235,0,1
279,498,29283,1.0,1.0,1.0,0.0,0.0,0.09655172413793103,0,1
280,6011,47246,0.09803921568627451,1.0,0.7368421052631579,0.2,0.30000000000000004,0.4878048780487805,1716,0
281,6851,39325,0.037037037037037035,1.0,0.3333333333333333,0.15384615384615385,0.0,0.9166666666666666,0,0
282,588,55899,1.0,1.0,1.0,0.013333333333333334,0.0,0.10256410256410256,0,1
283,5201,22909,0.09876543209876543,0.36,0.3055555555555556,0.12962962962962962,0.0,0.017241379310344827,862,0
284,1264,34920,0.3516483516483517,1.0,1.0,0.2962962962962963,0.0,0.11278195488721804,0,0
285,969,41979,0.05454545454545454,1.0,0.2903225806451613,0.35185185185185186,1.29,0.6444444444444445,392,0
286,1558,41579,0.1518987341772152,1.0,0.6923076923076923,0.14285714285714285,0.0,0.0,0,0
287,6762,51437,0.21666666666666667,1.0,0.175,0.11627906976744186,0.0,0.4864864864864865,1039,0
288,1156,34921,0.12403100775193798,1.0,0.5135135135135135,0.2777777777777778,0.0,0.18536585365853658,1921,0
289,1685,23820,0.12903225806451613,1.0,0.42105263157894735,0.20454545454545456,1.29,0.8876404494382022,0,0
290,3312,34309,0.14084507042253522,1.0,0.24444444444444444,0.15384615384615385,0.7,1.0,0,0
291,368,19176,0.0784313725490196,1.0,0.06896551724137931,0.3023255813953488,0.0,1.0,3279,0
292,3413,34349,0.1276595744680851,1.0,0.24444444444444444,0.15384615384615385,0.7,1.0,0,0
293,2979,37085,0.06818181818181818,0.4642857142857143,0.11267605633802817,0.2962962962962963,0.0,0.05426356589147287,784,0
294,3527,54789,0.13333333333333333,1.0,0.15,0.2777777777777778,0.0,0.10810810810810811,161,0
295,1164,27989,0.07142857142857142,1.0,0.6428571428571429,0.2777777777777778,0.0,0.03529411764705882,0,0
296,5122,34113,0.42857142857142855,1.0,0.5405405405405406,0.10294117647058823,0.0,0.6904761904761905,0,1
297,3421,34320,0.6666666666666666,1.0,0.24444444444444444,0.15384615384615385,0.7,1.0,0,1
298,1069,11277,1.0,1.0,1.0,0.3235294117647059,0.4,1.0,0,1
299,3451,34326,0.14084507042253522,1.0,0.24444444444444444,0.15384615384615385,0.7,1.0,0,0
300,310,22304,0.07368421052631578,1.0,0.2765957446808511,0.03614457831325301,0.0,0.8048780487804879,0,0
301,4587,26140,1.0,1.0,0.42857142857142855,0.20930232558139536,0.0,0.6875,2596,1
302,1263,34898,0.11578947368421053,1.0,1.0,0.2962962962962963,0.0,0.11278195488721804,0,0
303,2959,22498,0.07207207207207207,0.5,0.12658227848101267,0.2962962962962963,0.0,0.1346153846153846,735,0
304,5161,34090,0.14285714285714285,1.0,0.13432835820895522,0.2413793103448276,0.0,0.5777777777777777,679,0
305,2022,28367,0.25862068965517243,1.0,0.3050847457627119,0.1794871794871795,0.0,1.0,0,0
306,1155,31283,0.16071428571428573,0.2727272727272727,0.1896551724137931,0.058823529411764705,0.30000000000000004,0.08762886597938144,4206,0
307,2301,1238,0.15625,0.2608695652173913,0.4482758620689655,0.32142857142857145,0.09999999999999998,0.018867924528301886,2866,0
308,3412,7387,0.09090909090909091,1.0,0.125,0.15384615384615385,0.7,0.7164179104477612,623,0
309,6876,13612,0.12643678160919541,0.4,0.41379310344827586,0.3220338983050847,0.0,0.1388888888888889,0,0
310,2394,29834,0.8470588235294118,0.3939393939393939,0.4482758620689655,0.16279069767441862,0.0,0.5185185185185185,1575,1
311,3341,7371,0.1038961038961039,1.0,0.125,0.15384615384615385,0.7,0.7164179104477612,623,0
312,2653,44051,0.08333333333333333,0.1891891891891892,0.05,0.16363636363636364,0.0,0.1590909090909091,3691,0
313,3409,7357,0.14864864864864866,1.0,0.4807692307692308,0.125,0.7,1.0,0,0
314,264,53050,0.3783783783783784,1.0,0.15,0.375,0.0,0.782608695652174,0,0
315,2702,17183,0.26785714285714285,1.0,0.30303030303030304,0.25,1.29,0.01652892561983471,2339,0
316,6282,47824,0.09411764705882353,1.0,0.5,0.14285714285714285,0.0,0.015625,69,0
317,1750,54953,0.16666666666666666,0.14942528735632185,0.13953488372093023,0.2962962962962963,0.30000000000000004,0.024096385542168676,1341,0
318,3264,25857,0.21818181818181817,1.0,0.16326530612244897,0.13636363636363635,1.29,0.23076923076923078,1112,0
319,1199,27988,0.21568627450980393,1.0,0.2857142857142857,0.2777777777777778,0.0,0.03550295857988166,0,0
320,3452,34332,0.1276595744680851,1.0,0.24444444444444444,0.15384615384615385,0.7,1.0,0,0
321,4301,29695,1.0,1.0,1.0,0.6071428571428571,0.0,0.052083333333333336,0,1
322,3412,7356,0.1038961038961039,1.0,0.125,0.15384615384615385,0.7,0.7164179104477612,623,0
323,4743,41114,0.13861386138613863,0.7142857142857143,0.5925925925925926,0.22950819672131148,0.0,0.02112676056338028,0,0
324,431,33296,0.5333333333333333,1.0,0.6,0.10714285714285714,0.0,0.6941176470588235,0,1
325,303,22289,0.08,1.0,0.6458333333333334,0.03614457831325301,0.0,0.8048780487804879,0,0
326,3318,34341,0.10526315789473684,1.0,0.37037037037037035,0.15384615384615385,0.0,1.0,0,0
327,1164,27994,1.0,1.0,0.6428571428571429,0.2777777777777778,0.0,0.03529411764705882,0,1
328,5065,36955,0.08333333333333333,0.48,0.1323529411764706,0.35294117647058826,0.0,0.2702702702702703,5268,0
329,1437,52937,0.23529411764705882,1.0,0.3235294117647059,0.09523809523809523,0.0,0.034482758620689655,0,0
330,1262,34952,0.1523809523809524,1.0,0.1875,0.2962962962962963,0.0,0.12280701754385964,460,0
331,2939,48458,0.12643678160919541,0.11538461538461539,0.10309278350515463,0.022222222222222223,0.0,0.01020408163265306,7,0
332,2408,54231,0.24444444444444444,1.0,1.0,0.18181818181818182,0.30000000000000004,0.03508771929824561,0,0
333,5088,9508,0.07058823529411765,1.0,0.2702702702702703,0.3939393939393939,0.0,0.7701149425287356,528,0
334,6287,47807,0.2,1.0,0.24390243902439024,0.14285714285714285,0.0,0.015625,69,0
335,1683,23727,1.0,1.0,0.3137254901960784,0.20454545454545456,0.4,0.25274725274725274,0,1
336,1203,34883,0.1956521739130435,1.0,0.5135135135135135,0.2777777777777778,0.0,0.18536585365853658,1921,0
337,5352,30496,0.06779661016949153,0.12903225806451613,0.3627450980392157,0.2,0.0,0.047619047619047616,168,0
338,5083,40471,1.0,1.0,0.20689655172413793,0.3939393939393939,0.0,0.7816091954022989,308,1
339,3363,37616,0.10377358490566038,1.0,0.09285714285714286,0.3076923076923077,1.0,0.04918032786885246,2582,0
340,2368,33786,1.0,1.0,1.0,0.18181818181818182,0.0,0.0,0,1
341,5406,27824,1.0,1.0,0.1111111111111111,0.10714285714285714,0.0,0.5365853658536586,99,1
342,896,44693,0.044444444444444446,1.0,0.3181818181818182,0.0958904109589041,0.0,0.5774647887323944,1,0
343,2812,47863,1.0,1.0,0.34615384615384615,0.13793103448275862,0.0,0.05263157894736842,0,1
344,2337,54230,1.0,1.0,0.4888888888888889,0.18181818181818182,0.0,0.03773584905660377,31380,1
345,3437,34343,0.1125,1.0,0.37037037037037035,0.15384615384615385,0.0,1.0,0,0
346,3459,34324,0.15151515151515152,1.0,0.24444444444444444,0.15384615384615385,0.7,1.0,0,0
347,1290,34000,0.13157894736842105,1.0,0.5882352941176471,0.40476190476190477,0.0,0.025,0,0
348,1280,9941,0.20388349514563106,0.2727272727272727,0.23404255319148937,0.0,0.30000000000000004,0.008928571428571428,1431,0
349,1269,34898,0.11578947368421053,1.0,1.0,0.2962962962962963,0.0,0.11278195488721804,0,0
350,5733,4465,1.0,1.0,1.0,0.16363636363636364,0.0,0.045454545454545456,0,1
351,668,24621,1.0,1.0,0.46938775510204084,0.37209302325581395,0.0,0.7777777777777778,0,1
352,6443,32639,0.7567567567567568,1.0,0.06542056074766354,0.0,1.29,0.11827956989247312,98,0
353,1918,9358,1.0,1.0,1.0,0.046153846153846156,0.0,0.07575757575757576,35783,1
354,4312,6130,1.0,1.0,1.0,0.041666666666666664,0.0,0.7931034482758621,0,1
355,4692,40159,0.125,1.0,0.02631578947368421,0.11363636363636363,0.0,0.008130081300813009,1455,0
356,1433,49484,0.3404255319148936,1.0,0.4576271186440678,0.12244897959183673,1.29,0.08653846153846154,1,0
357,4936,36673,0.07692307692307693,1.0,1.0,0.14,0.0,0.8470588235294118,0,0
358,262,53016,0.2553191489361702,1.0,0.15,0.375,0.0,0.782608695652174,0,0
359,5088,40487,0.10526315789473684,1.0,0.20689655172413793,0.3939393939393939,0.0,0.7816091954022989,308,0
360,2022,28157,0.47058823529411764,1.0,0.3103448275862069,0.1794871794871795,0.0,1.0,0,0
361,1216,33988,1.0,1.0,1.0,0.35714285714285715,0.0,0.025,0,1
362,3449,34325,0.11940298507462686,1.0,0.24444444444444444,0.15384615384615385,0.7,1.0,0,0
363,1267,34917,0.3333333333333333,1.0,1.0,0.2962962962962963,0.0,0.11278195488721804,0,0
364,4697,43756,0.09523809523809523,0.24489795918367346,0.13157894736842105,0.5666666666666667,0.0,0.0423728813559322,847,0
365,6679,44061,0.053763440860215055,1.0,0.2948717948717949,0.0,0.30000000000000004,0.5625,2156,0
366,1358,42278,0.5098039215686274,1.0,0.34545454545454546,0.40540540540540543,0.0,1.0,0,1
367,3618,30321,0.15873015873015872,1.0,0.5,0.3148148148148148,0.0,0.08,0,0
368,3412,34324,0.15151515151515152,1.0,0.24444444444444444,0.15384615384615385,0.7,1.0,0,0
369,6592,38375,1.0,1.0,1.0,0.11475409836065574,0.0,0.717391304347826,8,1
370,2725,17169,0.30612244897959184,1.0,0.5405405405405406,0.25,1.29,0.01652892561983471,2339,0
371,5349,47893,0.030303030303030304,1.0,1.0,0.2,0.0,0.20212765957446807,0,0
372,529,44877,0.43478260869565216,1.0,0.018518518518518517,0.0,0.7,0.0,272,0
373,2317,20279,0.06976744186046512,1.0,1.0,0.18181818181818182,0.0,0.0,0,0
374,667,24620,0.43209876543209874,1.0,0.46938775510204084,0.37209302325581395,0.30000000000000004,0.7777777777777778,0,0
375,1205,27980,0.2247191011235955,1.0,0.6428571428571429,0.2777777777777778,0.0,0.03529411764705882,0,0
376,3350,7388,0.125,1.0,0.125,0.15384615384615385,0.7,0.7164179104477612,623,0
377,1155,31282,0.1559633027522936,0.2727272727272727,0.1896551724137931,0.058823529411764705,0.30000000000000004,0.08762886597938144,4206,0
378,6867,13586,0.11,1.0,0.4444444444444444,0.3220338983050847,0.0,0.1388888888888889,0,0
379,1616,27519,0.31666666666666665,1.0,0.39473684210526316,0.1111111111111111,0.0,0.017857142857142856,0,0
380,1238,36650,0.14,0.52,0.1125,0.3409090909090909,0.30000000000000004,0.5972222222222222,840,0
381,4669,41083,0.34177215189873417,0.7142857142857143,0.5925925925925926,0.22950819672131148,0.0,0.02112676056338028,0,1
382,6866,13587,0.18461538461538463,1.0,0.4444444444444444,0.3220338983050847,0.0,0.1388888888888889,0,0
383,1552,50063,0.1323529411764706,1.0,0.0967741935483871,0.14285714285714285,0.0,0.897196261682243,771,0
384,6425,31102,1.0,1.0,0.425,0.07692307692307693,0.0,0.05405405405405406,0,1
385,2752,17215,0.30612244897959184,1.0,0.2777777777777778,0.25,1.29,0.01652892561983471,2339,0
386,3292,7440,0.6666666666666666,1.0,0.46875,0.125,0.0,1.0,0,1
387,6524,38300,0.08450704225352113,1.0,0.17073170731707318,0.34545454545454546,0.0,0.6388888888888888,0,0
388,1272,47771,0.1348314606741573,0.2727272727272727,0.16176470588235295,0.0,0.30000000000000004,0.03333333333333333,402,0
389,3421,34324,0.15151515151515152,1.0,0.24444444444444444,0.15384615384615385,0.7,1.0,0,0
390,6280,47818,0.6136363636363636,1.0,0.5,0.14285714285714285,0.0,0.015625,69,1
391,1355,6230,0.12048192771084337,1.0,0.2,0.40540540540540543,0.0,0.041666666666666664,416,0
392,3734,47848,1.0,1.0,0.34615384615384615,0.11666666666666667,0.0,0.05084745762711865,0,1
393,5071,34899,0.16666666666666666,1.0,0.16393442622950818,0.21739130434782608,1.29,0.06422018348623854,703,0
394,253,52996,0.2553191489361702,1.0,0.15,0.375,0.0,0.782608695652174,0,0
395,6333,18444,0.15942028985507245,1.0,0.425,0.18333333333333332,0.0,0.7954545454545454,63,0
396,2455,49200,0.125,1.0,1.0,0.16363636363636364,0.0,0.0,1,0
397,1270,27984,0.10975609756097561,1.0,0.2631578947368421,0.2962962962962963,0.0,0.05194805194805195,1921,0
398,1161,27990,1.0,1.0,0.2857142857142857,0.2777777777777778,0.0,0.03550295857988166,0,1
399,1274,9947,0.19811320754716982,0.2727272727272727,0.23404255319148937,0.0,0.30000000000000004,0.008928571428571428,1431,0
400,251,53047,0.575,1.0,0.15,0.375,0.0,0.782608695652174,0,1
401,1275,34897,0.09782608695652174,1.0,1.0,0.2962962962962963,0.0,0.11278195488721804,0,0
402,1273,27979,0.07476635514018691,1.0,0.2631578947368421,0.2962962962962963,0.0,0.05194805194805195,1921,0
403,1291,34055,0.125,1.0,0.4878048780487805,0.40476190476190477,0.30000000000000004,0.04,0,0
404,2988,22500,0.06422018348623854,0.5,0.1111111111111111,0.2962962962962963,0.0,0.1568627450980392,119,0
405,2768,50547,0.20930232558139536,1.0,0.06382978723404255,0.4444444444444444,0.0,0.04597701149425287,130,0
406,347,35883,0.08791208791208792,1.0,0.5405405405405406,0.2,0.0,1.0,0,0
407,3415,34308,0.11940298507462686,1.0,0.24444444444444444,0.15384615384615385,0.7,1.0,0,0
408,1317,34066,0.09259259259259259,1.0,0.4878048780487805,0.35714285714285715,0.30000000000000004,0.04,0,0
409,3320,7357,0.09090909090909091,1.0,0.125,0.15384615384615385,0.7,0.7164179104477612,623,0
410,2064,45391,0.16666666666666666,0.2857142857142857,0.18181818181818182,0.02,0.30000000000000004,0.025,9017,0
411,1683,23781,1.0,1.0,1.0,0.20454545454545456,0.0,0.25274725274725274,0,1
412,1156,34886,0.11510791366906475,1.0,0.5135135135135135,0.2777777777777778,0.0,0.18536585365853658,1921,0
413,3271,7926,0.11538461538461539,1.0,0.6363636363636364,0.13636363636363635,1.29,0.696969696969697,0,0
414,5942,29264,0.10588235294117647,0.41935483870967744,0.19298245614035087,0.037037037037037035,0.30000000000000004,0.43243243243243246,1610,0
415,1260,31287,0.13829787234042554,0.2727272727272727,0.18333333333333332,0.0,0.6000000000000001,0.008695652173913044,2285,0
416,4047,14998,0.1346153846153846,0.4,0.06896551724137931,0.18421052631578946,0.0,0.4647058823529412,204,0
417,1276,31285,0.13978494623655913,0.2727272727272727,0.18333333333333332,0.0,0.30000000000000004,0.008695652173913044,2285,0
418,1784,20222,0.06976744186046512,1.0,0.07894736842105263,0.2558139534883721,0.0,0.2833333333333333,56,0
419,2022,28164,0.19298245614035087,1.0,0.56,0.1794871794871795,0.0,1.0,0,0
420,2720,17143,0.26785714285714285,1.0,0.5882352941176471,0.25,1.29,0.01652892561983471,2339,0
421,5153,44698,0.12307692307692308,1.0,0.16129032258064516,0.2413793103448276,0.0,0.2647058823529412,518,0
422,1552,50060,0.11940298507462686,1.0,0.0967741935483871,0.14285714285714285,0.0,0.897196261682243,771,0
423,537,1878,0.7317073170731707,1.0,1.0,0.041666666666666664,0.0,0.0,0,1
424,3319,34342,0.11940298507462686,1.0,0.24444444444444444,0.15384615384615385,0.7,1.0,0,0
425,1406,48287,1.0,1.0,0.59375,0.20588235294117646,0.09999999999999998,1.0,0,1
426,4745,41095,0.09574468085106383,0.7142857142857143,0.5925925925925926,0.22950819672131148,0.0,0.02112676056338028,0,0
427,1179,36652,0.11023622047244094,1.0,0.1125,0.3409090909090909,0.30000000000000004,0.5972222222222222,805,0
428,6429,31088,1.0,1.0,0.7435897435897436,0.07692307692307693,0.0,0.05405405405405406,0,1
429,2324,1222,0.1568627450980392,0.2608695652173913,0.4482758620689655,0.32142857142857145,0.09999999999999998,0.018867924528301886,2866,0
