2.666666666666666630e-01,1.000000000000000000e+00,5.194805194805195148e-02
3.030303030303030734e-02,1.000000000000000000e+00,3.023255813953488191e-01
0.000000000000000000e+00,1.000000000000000000e+00,3.440860215053764271e-01
2.272727272727272929e-01,0.000000000000000000e+00,7.761194029850746468e-01
3.750000000000000000e-01,0.000000000000000000e+00,7.452830188679244738e-01
0.000000000000000000e+00,0.000000000000000000e+00,8.666666666666666963e-01
4.500000000000000111e-01,3.333333333333333148e-01,7.874999999999999778e-01
4.500000000000000111e-01,1.904761904761904656e-01,7.777777777777777901e-01
2.941176470588235392e-01,0.000000000000000000e+00,7.029702970297029285e-01
3.333333333333333148e-01,5.454545454545454142e-01,7.031250000000000000e-01
2.777777777777777901e-01,0.000000000000000000e+00,6.489361702127660614e-01
2.941176470588235392e-01,0.000000000000000000e+00,6.463414634146341653e-01
3.750000000000000000e-01,0.000000000000000000e+00,6.500000000000000222e-01
3.333333333333333148e-01,0.000000000000000000e+00,6.470588235294117974e-01
0.000000000000000000e+00,5.555555555555555802e-01,6.666666666666666297e-01
5.294117647058823595e-01,2.999999999999999889e-01,6.999999999999999556e-01
1.499999999999999944e-01,6.999999999999999556e-01,4.757281553398057805e-01
2.941176470588235392e-01,0.000000000000000000e+00,6.280991735537190257e-01
3.076923076923077094e-01,0.000000000000000000e+00,6.206896551724138122e-01
2.941176470588235392e-01,0.000000000000000000e+00,6.190476190476190688e-01
3.333333333333333148e-01,4.545454545454544748e-01,6.718750000000000000e-01
5.000000000000000000e-01,5.999999999999999778e-01,3.913043478260870289e-01
2.000000000000000111e-01,4.545454545454545581e-02,6.139240506329114444e-01
5.000000000000000000e-01,4.666666666666666741e-01,5.999999999999999778e-01
4.444444444444444198e-01,5.999999999999999778e-01,3.670886075949367222e-01
4.444444444444444198e-01,5.999999999999999778e-01,2.696629213483145993e-01
3.888888888888888951e-01,6.153846153846154188e-01,3.380281690140845008e-01
0.000000000000000000e+00,1.666666666666666574e-01,5.999999999999999778e-01
7.058823529411765163e-01,4.545454545454544748e-01,3.913043478260870289e-01
2.941176470588235392e-01,0.000000000000000000e+00,5.697674418604651292e-01
9.090909090909092549e-02,0.000000000000000000e+00,5.714285714285713969e-01
1.666666666666666574e-01,5.714285714285713969e-01,5.438596491228070429e-01
7.058823529411765163e-01,4.545454545454544748e-01,3.617021276595744905e-01
4.444444444444444198e-01,5.789473684210526550e-01,3.544303797468354444e-01
5.999999999999999778e-01,0.000000000000000000e+00,5.600000000000000533e-01
7.058823529411765163e-01,4.545454545454544748e-01,3.265306122448979331e-01
7.058823529411765163e-01,4.545454545454544748e-01,3.137254901960784270e-01
3.888888888888888951e-01,0.000000000000000000e+00,5.656565656565656353e-01
7.058823529411765163e-01,4.444444444444444198e-01,3.620689655172413812e-01
2.173913043478260809e-01,5.384615384615384359e-01,5.483870967741935054e-01
4.444444444444444198e-01,5.500000000000000444e-01,4.252873563218391162e-01
0.000000000000000000e+00,5.714285714285713969e-01,5.227272727272727071e-01
0.000000000000000000e+00,5.625000000000000000e-01,5.294117647058823595e-01
1.499999999999999944e-01,5.909090909090909394e-01,4.897959183673469274e-01
2.941176470588235392e-01,0.000000000000000000e+00,5.432098765432098464e-01
4.444444444444444198e-01,5.555555555555555802e-01,2.643678160919540332e-01
2.173913043478260809e-01,3.750000000000000000e-01,6.144578313253011848e-01
3.333333333333333148e-01,5.789473684210526550e-01,2.124999999999999944e-01
4.500000000000000111e-01,1.304347826086956486e-01,5.913978494623656212e-01
3.333333333333333148e-01,5.500000000000000444e-01,4.516129032258063836e-01
2.941176470588235392e-01,0.000000000000000000e+00,5.308641975308642236e-01
2.941176470588235392e-01,0.000000000000000000e+00,5.304347826086956985e-01
4.166666666666666852e-01,5.000000000000000000e-01,4.852941176470588203e-01
0.000000000000000000e+00,6.250000000000000000e-01,3.333333333333333148e-01
3.333333333333333148e-01,5.000000000000000000e-01,5.116279069767442067e-01
5.555555555555555247e-02,0.000000000000000000e+00,6.417910447761193682e-01
0.000000000000000000e+00,6.250000000000000000e-01,2.444444444444444364e-01
5.294117647058823595e-01,5.000000000000000000e-01,3.423423423423423428e-01
0.000000000000000000e+00,5.999999999999999778e-01,1.386138613861386537e-01
1.499999999999999944e-01,5.652173913043477826e-01,4.660194174757282259e-01
2.173913043478260809e-01,0.000000000000000000e+00,5.080645161290322509e-01
0.000000000000000000e+00,5.833333333333333703e-01,4.324324324324325119e-01
4.444444444444444198e-01,5.263157894736841813e-01,2.500000000000000000e-01
0.000000000000000000e+00,5.999999999999999778e-01,1.698113207547169434e-01
3.888888888888888951e-01,0.000000000000000000e+00,5.168539325842697041e-01
3.499999999999999778e-01,0.000000000000000000e+00,5.137614678899082854e-01
6.666666666666666297e-01,3.333333333333333148e-01,4.705882352941175850e-01
0.000000000000000000e+00,5.000000000000000000e-01,5.147058823529411242e-01
0.000000000000000000e+00,5.000000000000000000e-01,5.147058823529411242e-01
5.000000000000000000e-01,5.000000000000000000e-01,2.816901408450704358e-01
5.999999999999999778e-01,0.000000000000000000e+00,4.947368421052631970e-01
0.000000000000000000e+00,4.000000000000000222e-01,5.517241379310344751e-01
1.666666666666666574e-01,5.833333333333333703e-01,3.553719008264462631e-01
3.499999999999999778e-01,0.000000000000000000e+00,5.044247787610620648e-01
3.750000000000000000e-01,0.000000000000000000e+00,5.046728971962616273e-01
7.058823529411765163e-01,3.684210526315789269e-01,3.442622950819672067e-01
4.705882352941175850e-01,4.000000000000000222e-01,5.094339622641509413e-01
0.000000000000000000e+00,0.000000000000000000e+00,7.192982456140351033e-01
2.000000000000000111e-01,3.846153846153846367e-02,5.046728971962616273e-01
0.000000000000000000e+00,4.000000000000000222e-01,5.434782608695651884e-01
7.058823529411765163e-01,3.684210526315789269e-01,3.333333333333333148e-01
5.000000000000000278e-02,5.833333333333333703e-01,1.792452830188679125e-01
2.941176470588235392e-01,0.000000000000000000e+00,4.943820224719100986e-01
3.333333333333333148e-01,5.000000000000000000e-01,4.545454545454544748e-01
0.000000000000000000e+00,5.714285714285713969e-01,3.937007874015748254e-01
5.000000000000000000e-01,4.000000000000000222e-01,4.864864864864865135e-01
7.058823529411765163e-01,3.684210526315789269e-01,2.972972972972973138e-01
7.058823529411765163e-01,3.684210526315789269e-01,2.891566265060240837e-01
7.058823529411765163e-01,3.684210526315789269e-01,2.625000000000000111e-01
0.000000000000000000e+00,5.833333333333333703e-01,2.095238095238096121e-01
3.333333333333333148e-01,5.000000000000000000e-01,4.347826086956521618e-01
2.941176470588235392e-01,0.000000000000000000e+00,4.831460674157304069e-01
5.882352941176471200e-02,5.714285714285713969e-01,3.548387096774193727e-01
5.000000000000000000e-01,4.705882352941175850e-01,2.948717948717948789e-01
5.000000000000000000e-01,4.705882352941175850e-01,2.760736196319018565e-01
2.000000000000000111e-01,3.846153846153846367e-02,4.861111111111111049e-01
2.352941176470587925e-01,3.750000000000000000e-01,5.454545454545454142e-01
2.173913043478260809e-01,0.000000000000000000e+00,4.615384615384616196e-01
3.181818181818181768e-01,5.000000000000000000e-01,1.341463414634146423e-01
3.076923076923077094e-01,0.000000000000000000e+00,4.696969696969697239e-01
2.173913043478260809e-01,0.000000000000000000e+00,4.558823529411765163e-01
3.333333333333333148e-01,8.000000000000000167e-02,5.121951219512195230e-01
7.058823529411765163e-01,3.333333333333333148e-01,3.018867924528301772e-01
2.941176470588235392e-01,5.000000000000000278e-02,4.942528735632183978e-01
2.352941176470587925e-01,3.750000000000000000e-01,5.294117647058823595e-01
0.000000000000000000e+00,1.428571428571428492e-01,4.716981132075471761e-01
3.750000000000000000e-01,0.000000000000000000e+00,4.623655913978493848e-01
4.444444444444444198e-01,3.636363636363637020e-01,4.874999999999999889e-01
2.800000000000000266e-01,0.000000000000000000e+00,4.520547945205479201e-01
3.333333333333333148e-01,4.736842105263158187e-01,1.186440677966101448e-01
2.941176470588235392e-01,0.000000000000000000e+00,4.516129032258063836e-01
1.250000000000000000e-01,0.000000000000000000e+00,4.366197183098590728e-01
2.941176470588235392e-01,0.000000000000000000e+00,4.508196721311474864e-01
3.333333333333333148e-01,5.000000000000000000e-01,3.243243243243243423e-01
2.173913043478260809e-01,4.117647058823529216e-01,5.000000000000000000e-01
0.000000000000000000e+00,4.000000000000000222e-01,4.897959183673469274e-01
0.000000000000000000e+00,3.846153846153846367e-01,4.938271604938270776e-01
3.333333333333333148e-01,5.000000000000000278e-02,4.814814814814815103e-01
6.666666666666666297e-01,3.333333333333333148e-01,3.235294117647058987e-01
5.999999999999999778e-01,0.000000000000000000e+00,4.330708661417322913e-01
3.333333333333333148e-01,4.736842105263158187e-01,1.327433628318584191e-01
5.000000000000000278e-02,5.454545454545454142e-01,2.903225806451613100e-01
5.000000000000000000e-01,4.117647058823529216e-01,3.835616438356164171e-01
0.000000000000000000e+00,4.736842105263158187e-01,4.339622641509434109e-01
3.181818181818181768e-01,5.000000000000000000e-01,2.708333333333333148e-01
0.000000000000000000e+00,5.000000000000000000e-01,8.928571428571428770e-02
5.000000000000000000e-01,4.117647058823529216e-01,1.512195121951219468e-01
0.000000000000000000e+00,5.000000000000000000e-01,3.972602739726027177e-01
6.666666666666666297e-01,2.307692307692308098e-01,4.218750000000000000e-01
0.000000000000000000e+00,5.000000000000000000e-01,3.787878787878787845e-01
0.000000000000000000e+00,5.294117647058823595e-01,2.800000000000000266e-01
6.666666666666666297e-01,1.875000000000000000e-01,4.246575342465753189e-01
0.000000000000000000e+00,5.000000000000000000e-01,3.731343283582089776e-01
0.000000000000000000e+00,5.000000000000000000e-01,3.720930232558140038e-01
0.000000000000000000e+00,4.666666666666666741e-01,4.166666666666666852e-01
3.076923076923077094e-01,0.000000000000000000e+00,4.305555555555555802e-01
3.076923076923077094e-01,0.000000000000000000e+00,4.305555555555555802e-01
9.090909090909092549e-02,0.000000000000000000e+00,4.754098360655737987e-01
2.941176470588235392e-01,0.000000000000000000e+00,4.285714285714285476e-01
2.941176470588235392e-01,0.000000000000000000e+00,4.285714285714285476e-01
3.076923076923077094e-01,8.695652173913041849e-02,4.754098360655737987e-01
3.333333333333333148e-01,4.666666666666666741e-01,1.758241758241758379e-01
3.076923076923077094e-01,4.615384615384616196e-01,1.372549019607843257e-01
3.888888888888888951e-01,0.000000000000000000e+00,4.298245614035087758e-01
4.166666666666666852e-01,1.052631578947368363e-01,4.794520547945205213e-01
7.058823529411765163e-01,2.631578947368420907e-01,1.495327102803738206e-01
3.076923076923077094e-01,0.000000000000000000e+00,4.246575342465753189e-01
0.000000000000000000e+00,4.000000000000000222e-01,4.523809523809523836e-01
7.058823529411765163e-01,2.608695652173912971e-01,3.058823529411764941e-01
0.000000000000000000e+00,3.846153846153846367e-01,4.545454545454544748e-01
0.000000000000000000e+00,4.000000000000000222e-01,4.444444444444444198e-01
2.272727272727272929e-01,0.000000000000000000e+00,4.183673469387754751e-01
7.058823529411765163e-01,0.000000000000000000e+00,3.466666666666666785e-01
0.000000000000000000e+00,5.000000000000000000e-01,3.076923076923077094e-01
5.000000000000000000e-01,3.888888888888888951e-01,1.842105263157894635e-01
0.000000000000000000e+00,4.736842105263158187e-01,3.673469387755102233e-01
0.000000000000000000e+00,4.444444444444444198e-01,5.660377358490566169e-02
0.000000000000000000e+00,5.000000000000000000e-01,2.941176470588235392e-01
0.000000000000000000e+00,5.000000000000000000e-01,2.903225806451613100e-01
0.000000000000000000e+00,5.000000000000000000e-01,2.884615384615384359e-01
0.000000000000000000e+00,5.000000000000000000e-01,2.878787878787879007e-01
0.000000000000000000e+00,5.000000000000000000e-01,2.049689440993788803e-01
0.000000000000000000e+00,2.608695652173912971e-01,4.545454545454544748e-01
0.000000000000000000e+00,3.846153846153846367e-01,4.393939393939393923e-01
3.499999999999999778e-01,0.000000000000000000e+00,4.117647058823529216e-01
1.666666666666666574e-01,0.000000000000000000e+00,4.150943396226414728e-01
5.000000000000000000e-01,2.500000000000000000e-01,4.536082474226804107e-01
4.500000000000000111e-01,4.000000000000000222e-01,3.400000000000000244e-01
1.499999999999999944e-01,4.166666666666666852e-01,4.351851851851851749e-01
6.250000000000000000e-02,5.000000000000000000e-01,2.352941176470587925e-01
0.000000000000000000e+00,4.444444444444444198e-01,6.976744186046512919e-02
8.437500000000000000e-01,0.000000000000000000e+00,2.222222222222222654e-02
8.437500000000000000e-01,0.000000000000000000e+00,3.030303030303030734e-02
2.380952380952381098e-01,4.545454545454544748e-01,1.369863013698630061e-01
8.437500000000000000e-01,0.000000000000000000e+00,3.149606299212598381e-02
0.000000000000000000e+00,0.000000000000000000e+00,6.590909090909090606e-01
4.000000000000000222e-01,4.285714285714285476e-01,2.460317460317459903e-01
5.999999999999999778e-01,0.000000000000000000e+00,3.712121212121212155e-01
4.545454545454545581e-02,4.000000000000000222e-01,4.285714285714285476e-01
2.272727272727272929e-01,0.000000000000000000e+00,4.083333333333333259e-01
0.000000000000000000e+00,4.736842105263158187e-01,3.272727272727273262e-01
0.000000000000000000e+00,4.736842105263158187e-01,3.239436619718309984e-01
4.516129032258063836e-01,0.000000000000000000e+00,3.931623931623932089e-01
7.058823529411765163e-01,2.222222222222222099e-01,2.079207920792079112e-01
7.058823529411765163e-01,2.222222222222222099e-01,2.132352941176470507e-01
5.999999999999999778e-01,0.000000000000000000e+00,3.599999999999999867e-01
0.000000000000000000e+00,0.000000000000000000e+00,6.521739130434782705e-01
7.058823529411765163e-01,0.000000000000000000e+00,3.048780487804877981e-01
2.941176470588235392e-01,0.000000000000000000e+00,4.000000000000000222e-01
3.888888888888888951e-01,4.000000000000000083e-02,4.144144144144144004e-01
3.333333333333333148e-01,0.000000000000000000e+00,3.966942148760330689e-01
5.000000000000000000e-01,3.333333333333333148e-01,3.670886075949367222e-01
3.333333333333333148e-01,2.307692307692308098e-01,4.683544303797467778e-01
7.058823529411765163e-01,0.000000000000000000e+00,2.999999999999999889e-01
3.076923076923077094e-01,0.000000000000000000e+00,3.979591836734693855e-01
3.750000000000000000e-01,4.000000000000000222e-01,3.582089552238805763e-01
7.058823529411765163e-01,1.904761904761904656e-01,1.287128712871287162e-01
3.333333333333333148e-01,4.285714285714285476e-01,1.851851851851852027e-01
5.000000000000000000e-01,3.333333333333333148e-01,1.078431372549019662e-01
1.666666666666666574e-01,3.846153846153846367e-02,3.818181818181817233e-01
5.000000000000000000e-01,3.333333333333333148e-01,1.100000000000000006e-01
0.000000000000000000e+00,2.727272727272727071e-01,4.285714285714285476e-01
5.999999999999999778e-01,0.000000000000000000e+00,3.513513513513513709e-01
0.000000000000000000e+00,4.736842105263158187e-01,2.166666666666666741e-01
3.333333333333333148e-01,4.000000000000000222e-01,1.083333333333333370e-01
4.545454545454545581e-02,2.857142857142856984e-01,4.406779661016949068e-01
3.333333333333333148e-01,4.000000000000000222e-01,1.101694915254237267e-01
7.692307692307692735e-02,0.000000000000000000e+00,4.952380952380953105e-01
3.076923076923077094e-01,3.333333333333333148e-01,0.000000000000000000e+00
4.444444444444444198e-01,3.809523809523808757e-01,1.797752808988763995e-01
2.666666666666666630e-01,3.750000000000000000e-01,3.883495145631068318e-02
2.333333333333333093e-01,1.666666666666666574e-01,4.528301886792452935e-01
5.000000000000000000e-01,3.333333333333333148e-01,3.493975903614457978e-01
0.000000000000000000e+00,0.000000000000000000e+00,6.458333333333333703e-01
0.000000000000000000e+00,0.000000000000000000e+00,6.458333333333333703e-01
0.000000000000000000e+00,4.666666666666666741e-01,1.926605504587156070e-01
7.058823529411765163e-01,2.000000000000000111e-01,2.000000000000000111e-01
7.058823529411765163e-01,2.000000000000000111e-01,2.183908045977011880e-01
5.882352941176471200e-02,4.666666666666666741e-01,2.947368421052631304e-01
5.000000000000000000e-01,3.499999999999999778e-01,1.700000000000000122e-01
0.000000000000000000e+00,4.615384615384616196e-01,2.946428571428571508e-01
1.428571428571428492e-01,0.000000000000000000e+00,4.044943820224718989e-01
1.428571428571428492e-01,0.000000000000000000e+00,4.044943820224718989e-01
6.666666666666666297e-01,1.176470588235293963e-01,3.461538461538460898e-01
3.750000000000000000e-01,4.000000000000000222e-01,3.309352517985611475e-01
0.000000000000000000e+00,1.250000000000000000e-01,4.050632911392405000e-01
1.666666666666666574e-01,0.000000000000000000e+00,4.029850746268657247e-01
0.000000000000000000e+00,3.333333333333333148e-01,4.148936170212765839e-01
7.058823529411765163e-01,1.250000000000000000e-01,3.055555555555555802e-01
3.888888888888888951e-01,0.000000000000000000e+00,3.833333333333333592e-01
7.058823529411765163e-01,0.000000000000000000e+00,2.777777777777777901e-01
5.882352941176471200e-02,4.666666666666666741e-01,2.115384615384615363e-01
0.000000000000000000e+00,3.846153846153846367e-01,3.918918918918918859e-01
7.058823529411765163e-01,1.904761904761904656e-01,2.000000000000000111e-01
3.030303030303030734e-02,4.166666666666666852e-01,7.284768211920529535e-02
2.173913043478260809e-01,4.210526315789473450e-01,3.684210526315789269e-01
7.058823529411765163e-01,1.428571428571428492e-01,2.881355932203389925e-01
7.058823529411765163e-01,1.428571428571428492e-01,2.881355932203389925e-01
7.058823529411765163e-01,8.000000000000000167e-02,2.999999999999999889e-01
0.000000000000000000e+00,0.000000000000000000e+00,6.410256410256410797e-01
7.058823529411765163e-01,1.428571428571428492e-01,2.844827586206897241e-01
0.000000000000000000e+00,1.666666666666666574e-01,3.859649122807016774e-01
7.058823529411765163e-01,0.000000000000000000e+00,2.666666666666666630e-01
1.176470588235293963e-01,0.000000000000000000e+00,4.027777777777777901e-01
2.727272727272727071e-01,4.166666666666666852e-01,3.409090909090908839e-01
5.999999999999999778e-01,0.000000000000000000e+00,3.306451612903225645e-01
2.941176470588235392e-01,0.000000000000000000e+00,3.892617449664429463e-01
7.058823529411765163e-01,8.000000000000000167e-02,2.891566265060240837e-01
5.128205128205128027e-02,1.666666666666666574e-01,4.025974025974026205e-01
7.058823529411765163e-01,1.304347826086956486e-01,2.784810126582278333e-01
3.888888888888888951e-01,0.000000000000000000e+00,3.771929824561404132e-01
5.882352941176470784e-01,0.000000000000000000e+00,3.333333333333333148e-01
7.058823529411765163e-01,8.000000000000000167e-02,2.857142857142856984e-01
9.090909090909092549e-02,1.428571428571428492e-01,4.032258064516128782e-01
2.941176470588235392e-01,1.176470588235293963e-01,4.270833333333333148e-01
0.000000000000000000e+00,1.578947368421052544e-01,3.773584905660377631e-01
0.000000000000000000e+00,3.846153846153846367e-01,3.750000000000000000e-01
7.058823529411765163e-01,1.250000000000000000e-01,2.666666666666666630e-01
3.333333333333333148e-01,4.090909090909091161e-01,2.025316455696202500e-01
7.058823529411765163e-01,0.000000000000000000e+00,2.528735632183908288e-01
0.000000000000000000e+00,1.875000000000000000e-01,3.859649122807016774e-01
7.058823529411765163e-01,1.250000000000000000e-01,2.650602409638554424e-01
7.058823529411765163e-01,0.000000000000000000e+00,2.500000000000000000e-01
0.000000000000000000e+00,4.117647058823529216e-01,9.615384615384615918e-02
3.076923076923077094e-01,3.571428571428571508e-01,5.932203389830508627e-02
7.058823529411765163e-01,3.571428571428571230e-02,2.592592592592592449e-01
0.000000000000000000e+00,2.000000000000000111e-01,3.875000000000000111e-01
9.090909090909092549e-02,1.428571428571428492e-01,3.968253968253968034e-01
7.058823529411765163e-01,1.304347826086956486e-01,1.274509803921568540e-01
7.058823529411765163e-01,1.304347826086956486e-01,1.296296296296296224e-01
7.058823529411765163e-01,1.304347826086956486e-01,1.308411214953270896e-01
0.000000000000000000e+00,1.666666666666666574e-01,3.725490196078432015e-01
4.444444444444444198e-01,3.478260869565216740e-01,1.485148514851485080e-01
4.444444444444444198e-01,3.478260869565216740e-01,1.489361702127659504e-01
1.499999999999999944e-01,3.846153846153846367e-01,3.879310344827586188e-01
0.000000000000000000e+00,3.846153846153846367e-01,3.624999999999999889e-01
6.666666666666666297e-01,5.555555555555555247e-02,2.999999999999999889e-01
2.380952380952381098e-01,4.000000000000000222e-01,1.111111111111111049e-01
4.444444444444444198e-01,3.478260869565216740e-01,1.530612244897959218e-01
7.058823529411765163e-01,0.000000000000000000e+00,2.410714285714284921e-01
5.999999999999999778e-01,0.000000000000000000e+00,3.140495867768595128e-01
7.058823529411765163e-01,1.304347826086956486e-01,1.489361702127659504e-01
5.882352941176471200e-02,0.000000000000000000e+00,5.362318840579710644e-01
7.058823529411765163e-01,0.000000000000000000e+00,2.399999999999999911e-01
7.058823529411765163e-01,1.304347826086956486e-01,2.238805970149253255e-01
7.058823529411765163e-01,9.090909090909092549e-02,2.500000000000000000e-01
7.058823529411765163e-01,9.090909090909092549e-02,2.500000000000000000e-01
7.058823529411765163e-01,1.304347826086956486e-01,2.179487179487179516e-01
7.058823529411765163e-01,1.304347826086956486e-01,1.647058823529411464e-01
7.058823529411765163e-01,1.304347826086956486e-01,1.651376146788990917e-01
7.058823529411765163e-01,1.304347826086956486e-01,1.688311688311688596e-01
7.058823529411765163e-01,9.090909090909092549e-02,1.092436974789915971e-01
4.444444444444444198e-01,3.478260869565216740e-01,1.648351648351648602e-01
7.058823529411765163e-01,3.846153846153846367e-02,2.380952380952381098e-01
7.058823529411765163e-01,1.304347826086956486e-01,2.063492063492063378e-01
6.666666666666666297e-01,5.555555555555555247e-02,2.916666666666666852e-01
7.058823529411765163e-01,4.166666666666665741e-02,8.609271523178807506e-02
7.058823529411765163e-01,1.250000000000000000e-01,2.179487179487179516e-01
7.058823529411765163e-01,1.304347826086956486e-01,1.772151898734177222e-01
7.058823529411765163e-01,1.304347826086956486e-01,1.830985915492957250e-01
7.058823529411765163e-01,4.000000000000000083e-02,2.361111111111111049e-01
7.058823529411765163e-01,0.000000000000000000e+00,2.347826086956520952e-01
1.428571428571428492e-01,0.000000000000000000e+00,3.956043956043955867e-01
1.428571428571428492e-01,0.000000000000000000e+00,3.956043956043955867e-01
7.058823529411765163e-01,1.250000000000000000e-01,2.073170731707316972e-01
7.058823529411765163e-01,3.571428571428571230e-02,2.317073170731707432e-01
1.000000000000000000e+00,2.000000000000000111e-01,9.428571428571428381e-01
0.000000000000000000e+00,4.285714285714285476e-01,1.680000000000000104e-01
0.000000000000000000e+00,3.157894736842105088e-01,3.833333333333333592e-01
7.058823529411765163e-01,9.090909090909092549e-02,1.238095238095237999e-01
7.058823529411765163e-01,4.000000000000000083e-02,9.790209790209790375e-02
7.058823529411765163e-01,3.703703703703703498e-02,9.923664122137403065e-02
7.058823529411765163e-01,4.000000000000000083e-02,1.021897810218977964e-01
7.058823529411765163e-01,8.333333333333332871e-02,1.228070175438596562e-01
7.058823529411765163e-01,4.000000000000000083e-02,2.205882352941176405e-01
7.058823529411765163e-01,3.846153846153846367e-02,2.197802197802196655e-01
7.058823529411765163e-01,8.695652173913041849e-02,1.308411214953270896e-01
3.333333333333333148e-01,3.636363636363637020e-01,3.535353535353535359e-01
7.058823529411765163e-01,7.692307692307692735e-02,1.250000000000000000e-01
7.058823529411765163e-01,4.000000000000000083e-02,1.101694915254237267e-01
2.380952380952381098e-01,4.000000000000000222e-01,1.351351351351351426e-01
7.058823529411765163e-01,7.692307692307692735e-02,2.197802197802196655e-01
4.500000000000000111e-01,0.000000000000000000e+00,3.524590163934426257e-01
7.058823529411765163e-01,4.000000000000000083e-02,1.120689655172413812e-01
0.000000000000000000e+00,3.846153846153846367e-01,3.417721518987341667e-01
7.058823529411765163e-01,9.090909090909092549e-02,1.452991452991453103e-01
5.999999999999999778e-01,0.000000000000000000e+00,3.025210084033613245e-01
7.058823529411765163e-01,8.333333333333332871e-02,2.111111111111111105e-01
0.000000000000000000e+00,4.000000000000000222e-01,3.225806451612903136e-01
7.058823529411765163e-01,9.090909090909092549e-02,1.504424778761062065e-01
7.058823529411765163e-01,4.761904761904761640e-02,1.181818181818181795e-01
7.058823529411765163e-01,3.571428571428571230e-02,1.171171171171171282e-01
7.058823529411765163e-01,3.846153846153846367e-02,1.171171171171171282e-01
0.000000000000000000e+00,1.428571428571428492e-01,3.559322033898305038e-01
7.058823529411765163e-01,4.347826086956521618e-02,1.176470588235293963e-01
7.058823529411765163e-01,4.166666666666665741e-02,1.192660550458715524e-01
7.058823529411765163e-01,4.000000000000000083e-02,2.045454545454545581e-01
7.058823529411765163e-01,3.571428571428571230e-02,1.196581196581196493e-01
7.058823529411765163e-01,3.846153846153846367e-02,1.203703703703703498e-01
7.058823529411765163e-01,9.090909090909092549e-02,1.962616822429906482e-01
7.058823529411765163e-01,9.090909090909092549e-02,1.948051948051947868e-01
6.428571428571429047e-01,2.000000000000000111e-01,2.409638554216867457e-01
7.058823529411765163e-01,3.703703703703703498e-02,2.000000000000000111e-01
7.058823529411765163e-01,9.090909090909092549e-02,1.940298507462686617e-01
5.000000000000000278e-02,4.166666666666666852e-01,3.090909090909090828e-01
3.333333333333333148e-01,3.478260869565216740e-01,3.673469387755102233e-01
2.173913043478260809e-01,0.000000000000000000e+00,3.880597014925373234e-01
7.058823529411765163e-01,8.000000000000000167e-02,2.000000000000000111e-01
7.058823529411765163e-01,7.407407407407406996e-02,1.444444444444444586e-01
1.111111111111111049e-01,0.000000000000000000e+00,3.953488372093023062e-01
7.058823529411765163e-01,4.166666666666665741e-02,1.287128712871287162e-01
7.058823529411765163e-01,4.000000000000000083e-02,1.288343558282208368e-01
7.058823529411765163e-01,3.571428571428571230e-02,1.293103448275862155e-01
7.058823529411765163e-01,4.347826086956521618e-02,1.293103448275862155e-01
7.058823529411765163e-01,8.333333333333332871e-02,1.590909090909090884e-01
7.058823529411765163e-01,4.347826086956521618e-02,1.296296296296296224e-01
7.058823529411765163e-01,8.695652173913041849e-02,1.780821917808219079e-01
7.058823529411765163e-01,8.695652173913041849e-02,1.780821917808219079e-01
7.058823529411765163e-01,4.166666666666665741e-02,1.300000000000000044e-01
7.058823529411765163e-01,3.571428571428571230e-02,1.317829457364341206e-01
7.058823529411765163e-01,8.333333333333332871e-02,1.652173913043478160e-01
7.058823529411765163e-01,3.846153846153846367e-02,1.326530612244898044e-01
7.058823529411765163e-01,4.000000000000000083e-02,1.333333333333333315e-01
7.058823529411765163e-01,7.692307692307692735e-02,1.555555555555555580e-01
7.058823529411765163e-01,8.000000000000000167e-02,1.864406779661016977e-01
7.058823529411765163e-01,4.000000000000000083e-02,1.891891891891891997e-01
7.058823529411765163e-01,4.347826086956521618e-02,1.360000000000000098e-01
7.058823529411765163e-01,3.846153846153846367e-02,1.368421052631579038e-01
7.058823529411765163e-01,8.000000000000000167e-02,1.775700934579439172e-01
7.058823529411765163e-01,4.000000000000000083e-02,1.862745098039216007e-01
7.058823529411765163e-01,4.347826086956521618e-02,1.884057971014492794e-01
7.058823529411765163e-01,4.166666666666665741e-02,1.386138613861386537e-01
7.058823529411765163e-01,4.000000000000000083e-02,1.391304347826086973e-01
5.517241379310344751e-01,2.727272727272727071e-01,2.812500000000000000e-01
7.058823529411765163e-01,7.692307692307692735e-02,1.666666666666666574e-01
7.058823529411765163e-01,7.692307692307692735e-02,1.666666666666666574e-01
7.058823529411765163e-01,3.846153846153846367e-02,1.829268292682926789e-01
7.058823529411765163e-01,3.846153846153846367e-02,1.829268292682926789e-01
7.058823529411765163e-01,7.692307692307692735e-02,1.780821917808219079e-01
7.058823529411765163e-01,3.703703703703703498e-02,1.407407407407407496e-01
7.058823529411765163e-01,3.846153846153846367e-02,1.403508771929824483e-01
7.058823529411765163e-01,4.347826086956521618e-02,1.857142857142856651e-01
7.058823529411765163e-01,3.571428571428571230e-02,1.428571428571428492e-01
7.058823529411765163e-01,4.000000000000000083e-02,1.413043478260869457e-01
7.058823529411765163e-01,3.571428571428571230e-02,1.772151898734177222e-01
7.058823529411765163e-01,3.846153846153846367e-02,1.428571428571428492e-01
7.058823529411765163e-01,3.846153846153846367e-02,1.428571428571428492e-01
3.333333333333333148e-01,3.478260869565216740e-01,3.636363636363637020e-01
7.058823529411765163e-01,4.000000000000000083e-02,1.428571428571428492e-01
7.058823529411765163e-01,3.846153846153846367e-02,1.794871794871794879e-01
7.058823529411765163e-01,3.846153846153846367e-02,1.794871794871794879e-01
7.058823529411765163e-01,4.000000000000000083e-02,1.443298969072164817e-01
7.058823529411765163e-01,4.761904761904761640e-02,1.842105263157894635e-01
7.058823529411765163e-01,3.846153846153846367e-02,1.456310679611650394e-01
7.058823529411765163e-01,3.703703703703703498e-02,1.465517241379310220e-01
7.058823529411765163e-01,4.000000000000000083e-02,1.460674157303370746e-01
7.058823529411765163e-01,4.000000000000000083e-02,1.460674157303370746e-01
0.000000000000000000e+00,3.846153846153846367e-01,3.333333333333333148e-01
7.058823529411765163e-01,4.000000000000000083e-02,1.770833333333333426e-01
7.058823529411765163e-01,3.703703703703703498e-02,1.494252873563218509e-01
7.058823529411765163e-01,4.000000000000000083e-02,1.477272727272727348e-01
7.058823529411765163e-01,4.000000000000000083e-02,1.756756756756756854e-01
7.058823529411765163e-01,3.703703703703703498e-02,1.504424778761062065e-01
7.058823529411765163e-01,3.571428571428571230e-02,1.529411764705882470e-01
7.058823529411765163e-01,4.347826086956521618e-02,1.780821917808219079e-01
7.058823529411765163e-01,4.000000000000000083e-02,1.492537313432835411e-01
7.058823529411765163e-01,3.703703703703703498e-02,1.702127659574468044e-01
7.058823529411765163e-01,4.000000000000000083e-02,1.494252873563218509e-01
7.058823529411765163e-01,3.846153846153846367e-02,1.724137931034482873e-01
7.058823529411765163e-01,3.703703703703703498e-02,1.700000000000000122e-01
7.058823529411765163e-01,4.347826086956521618e-02,1.485148514851485080e-01
7.058823529411765163e-01,4.166666666666665741e-02,1.499999999999999944e-01
7.058823529411765163e-01,4.000000000000000083e-02,1.728395061728394966e-01
7.058823529411765163e-01,3.703703703703703498e-02,1.547619047619047394e-01
7.058823529411765163e-01,3.703703703703703498e-02,1.649484536082474195e-01
7.058823529411765163e-01,4.000000000000000083e-02,1.529411764705882470e-01
7.058823529411765163e-01,3.846153846153846367e-02,1.547619047619047394e-01
7.058823529411765163e-01,3.703703703703703498e-02,1.585365853658536606e-01
7.058823529411765163e-01,3.703703703703703498e-02,1.604938271604938183e-01
7.058823529411765163e-01,3.703703703703703498e-02,1.604938271604938183e-01
7.058823529411765163e-01,3.846153846153846367e-02,1.625000000000000056e-01
7.058823529411765163e-01,3.846153846153846367e-02,1.609195402298850552e-01
7.058823529411765163e-01,3.846153846153846367e-02,1.612903225806451568e-01
7.058823529411765163e-01,4.000000000000000083e-02,1.562500000000000000e-01
7.058823529411765163e-01,4.347826086956521618e-02,1.547619047619047394e-01
7.058823529411765163e-01,4.000000000000000083e-02,1.604938271604938183e-01
7.058823529411765163e-01,4.347826086956521618e-02,1.710526315789473450e-01
7.058823529411765163e-01,4.347826086956521618e-02,1.574074074074074125e-01
3.333333333333333148e-01,4.166666666666665741e-02,3.645833333333333148e-01
7.058823529411765163e-01,4.347826086956521618e-02,1.666666666666666574e-01
0.000000000000000000e+00,1.428571428571428492e-01,3.511450381679389054e-01
0.000000000000000000e+00,3.846153846153846367e-01,3.289473684210526550e-01
7.058823529411765163e-01,0.000000000000000000e+00,2.184873949579831942e-01
2.941176470588235392e-01,4.166666666666665741e-02,3.595505617977527990e-01
0.000000000000000000e+00,3.333333333333333148e-01,2.836879432624113059e-02
5.999999999999999778e-01,0.000000000000000000e+00,2.950819672131147486e-01
0.000000000000000000e+00,3.571428571428571508e-01,5.607476635514017926e-02
5.294117647058823595e-01,1.904761904761904656e-01,2.666666666666666838e-02
2.272727272727272929e-01,0.000000000000000000e+00,3.846153846153846367e-01
2.173913043478260809e-01,1.818181818181818510e-01,4.117647058823529216e-01
0.000000000000000000e+00,4.117647058823529216e-01,1.714285714285714579e-01
3.181818181818181768e-01,3.846153846153846367e-01,2.823529411764705843e-01
3.181818181818181768e-01,3.846153846153846367e-01,1.914893617021276861e-01
0.000000000000000000e+00,3.636363636363637020e-01,6.976744186046512919e-02
7.058823529411765163e-01,0.000000000000000000e+00,2.133333333333332638e-01
3.076923076923077094e-01,3.333333333333333148e-01,6.451612903225806273e-02
0.000000000000000000e+00,4.000000000000000222e-01,2.941176470588235392e-01
0.000000000000000000e+00,1.428571428571428492e-01,3.461538461538460898e-01
2.727272727272727071e-01,3.846153846153846367e-01,1.473684210526315375e-01
4.285714285714285476e-01,3.333333333333333148e-01,1.594202898550724501e-01
7.058823529411765163e-01,0.000000000000000000e+00,2.117647058823529382e-01
5.294117647058823595e-01,1.111111111111111049e-01,3.577981651376146988e-01
3.333333333333333148e-01,3.478260869565216740e-01,3.473684210526316041e-01
3.333333333333333148e-01,3.478260869565216740e-01,3.473684210526316041e-01
3.333333333333333148e-01,3.478260869565216740e-01,3.473684210526316041e-01
0.000000000000000000e+00,4.117647058823529216e-01,2.477876106194690509e-01
3.076923076923077094e-01,3.333333333333333148e-01,6.818181818181817677e-02
0.000000000000000000e+00,4.117647058823529216e-01,2.413793103448275967e-01
3.333333333333333148e-01,3.478260869565216740e-01,3.437500000000000000e-01
0.000000000000000000e+00,4.000000000000000222e-01,2.839506172839506015e-01
1.176470588235293963e-01,1.000000000000000056e-01,3.513513513513513709e-01
0.000000000000000000e+00,4.000000000000000222e-01,1.499999999999999944e-01
7.058823529411765163e-01,0.000000000000000000e+00,2.073170731707316972e-01
4.444444444444444198e-01,3.043478260869564855e-01,1.226415094339622508e-01
0.000000000000000000e+00,4.000000000000000222e-01,2.631578947368420907e-01
5.000000000000000278e-02,4.117647058823529216e-01,2.448979591836734637e-01
0.000000000000000000e+00,3.888888888888888951e-01,1.349206349206349131e-01
0.000000000000000000e+00,3.636363636363637020e-01,8.695652173913041849e-02
3.181818181818181768e-01,0.000000000000000000e+00,3.684210526315789269e-01
0.000000000000000000e+00,3.750000000000000000e-01,1.090909090909090717e-01
0.000000000000000000e+00,4.000000000000000222e-01,2.500000000000000000e-01
0.000000000000000000e+00,4.000000000000000222e-01,1.818181818181818510e-01
0.000000000000000000e+00,3.846153846153846367e-01,2.911392405063291111e-01
0.000000000000000000e+00,3.888888888888888951e-01,1.428571428571428492e-01
0.000000000000000000e+00,3.846153846153846367e-01,1.323529411764705899e-01
0.000000000000000000e+00,2.380952380952381098e-01,3.529411764705882582e-01
0.000000000000000000e+00,4.000000000000000222e-01,2.419354838709676936e-01
0.000000000000000000e+00,3.333333333333333148e-01,5.309734513274336209e-02
4.444444444444444198e-01,2.916666666666666852e-01,1.090909090909090717e-01
0.000000000000000000e+00,4.000000000000000222e-01,2.238805970149253255e-01
5.294117647058823595e-01,2.500000000000000000e-01,2.916666666666666852e-01
0.000000000000000000e+00,2.857142857142856984e-01,3.493975903614457978e-01
0.000000000000000000e+00,3.846153846153846367e-01,2.784810126582278333e-01
0.000000000000000000e+00,3.846153846153846367e-01,2.777777777777777901e-01
1.250000000000000000e-01,3.750000000000000000e-01,3.291139240506328889e-01
0.000000000000000000e+00,2.222222222222222099e-01,3.448275862068965747e-01
0.000000000000000000e+00,3.750000000000000000e-01,2.923076923076923239e-01
3.333333333333333148e-01,3.636363636363637020e-01,1.951219512195122019e-01
2.000000000000000111e-01,5.263157894736841813e-02,3.278688524590164244e-01
2.000000000000000111e-01,5.263157894736841813e-02,3.278688524590164244e-01
4.516129032258063836e-01,0.000000000000000000e+00,3.361344537815126321e-01
4.444444444444444198e-01,1.538461538461538547e-01,3.734939759036143836e-01
4.444444444444444198e-01,2.916666666666666852e-01,3.168316831683168355e-01
0.000000000000000000e+00,1.600000000000000033e-01,3.243243243243243423e-01
6.666666666666666297e-01,0.000000000000000000e+00,2.321428571428571508e-01
1.499999999999999944e-01,1.000000000000000056e-01,3.461538461538460898e-01
3.333333333333333148e-01,3.636363636363637020e-01,2.124999999999999944e-01
0.000000000000000000e+00,3.846153846153846367e-01,2.659574468085106336e-01
1.666666666666666574e-01,4.000000000000000222e-01,2.456140350877193124e-01
0.000000000000000000e+00,3.846153846153846367e-01,1.578947368421052544e-01
0.000000000000000000e+00,3.529411764705882582e-01,9.016393442622952503e-02
7.058823529411765163e-01,0.000000000000000000e+00,1.941747572815533951e-01
2.142857142857142738e-01,3.333333333333333148e-01,3.611111111111111049e-01
4.090909090909091161e-01,0.000000000000000000e+00,3.453237410071942626e-01
3.076923076923077094e-01,2.500000000000000000e-01,0.000000000000000000e+00
0.000000000000000000e+00,1.538461538461538547e-01,3.218390804597701105e-01
3.888888888888888951e-01,0.000000000000000000e+00,3.495934959349593640e-01
4.000000000000000222e-01,0.000000000000000000e+00,3.469387755102040782e-01
5.294117647058823595e-01,1.176470588235293963e-01,3.292682926829268442e-01
0.000000000000000000e+00,1.428571428571428492e-01,3.283582089552238847e-01
2.727272727272727071e-01,3.571428571428571508e-01,1.355932203389830504e-01
0.000000000000000000e+00,3.846153846153846367e-01,2.325581395348836899e-01
7.058823529411765163e-01,0.000000000000000000e+00,1.909090909090908617e-01
0.000000000000000000e+00,3.846153846153846367e-01,2.195121951219511924e-01
3.750000000000000000e-01,5.000000000000000278e-02,3.363636363636364202e-01
4.444444444444444198e-01,3.043478260869564855e-01,2.580645161290322509e-01
7.058823529411765163e-01,0.000000000000000000e+00,1.891891891891891997e-01
2.380952380952381098e-01,3.333333333333333148e-01,8.000000000000000167e-02
4.444444444444444198e-01,3.043478260869564855e-01,2.526315789473684292e-01
7.058823529411765163e-01,0.000000000000000000e+00,1.884057971014492794e-01
7.058823529411765163e-01,0.000000000000000000e+00,1.884057971014492794e-01
4.444444444444444198e-01,3.043478260869564855e-01,2.019230769230769273e-01
5.000000000000000278e-02,3.076923076923077094e-01,3.921568627450980338e-02
5.294117647058823595e-01,2.380952380952381098e-01,1.517857142857142738e-01
6.153846153846154188e-01,5.000000000000000278e-02,2.352941176470587925e-01
0.000000000000000000e+00,2.999999999999999889e-01,4.545454545454545581e-02
2.173913043478260809e-01,1.000000000000000056e-01,3.499999999999999778e-01
0.000000000000000000e+00,3.684210526315789269e-01,1.492537313432835411e-01
0.000000000000000000e+00,3.125000000000000000e-01,5.839416058394159698e-02
7.058823529411765163e-01,0.000000000000000000e+00,1.868131868131867879e-01
0.000000000000000000e+00,0.000000000000000000e+00,5.972222222222222099e-01
1.666666666666666574e-01,5.882352941176471200e-02,3.068181818181818232e-01
7.058823529411765163e-01,0.000000000000000000e+00,1.862745098039216007e-01
5.294117647058823595e-01,3.703703703703703498e-02,6.369426751592357008e-03
5.294117647058823595e-01,4.000000000000000083e-02,6.756756756756757132e-03
0.000000000000000000e+00,2.857142857142856984e-01,3.260869565217391353e-01
0.000000000000000000e+00,3.636363636363637020e-01,2.666666666666666630e-01
4.444444444444444198e-01,2.608695652173912971e-01,9.433962264150944077e-02
4.761904761904761640e-02,3.333333333333333148e-01,7.382550335570470246e-02
0.000000000000000000e+00,3.750000000000000000e-01,1.940298507462686617e-01
2.500000000000000000e-01,2.000000000000000111e-01,3.833333333333333592e-01
1.666666666666666574e-01,3.030303030303030734e-02,2.769230769230768829e-01
6.250000000000000000e-02,3.636363636363637020e-01,1.231884057971014551e-01
0.000000000000000000e+00,0.000000000000000000e+00,5.952380952380952328e-01
0.000000000000000000e+00,0.000000000000000000e+00,5.952380952380952328e-01
6.666666666666667962e-02,0.000000000000000000e+00,4.823529411764705954e-01
4.117647058823529216e-01,2.000000000000000111e-01,1.250000000000000069e-02
1.666666666666666574e-01,3.846153846153846367e-02,2.835820895522387919e-01
3.076923076923077094e-01,2.500000000000000000e-01,1.428571428571428353e-02
5.294117647058823595e-01,3.571428571428571230e-02,1.156069364161849480e-02
0.000000000000000000e+00,3.499999999999999778e-01,1.212121212121212432e-01
0.000000000000000000e+00,3.333333333333333148e-01,9.333333333333333759e-02
0.000000000000000000e+00,3.125000000000000000e-01,3.111111111111111160e-01
3.030303030303030734e-02,3.636363636363637020e-01,2.727272727272727071e-01
0.000000000000000000e+00,3.333333333333333148e-01,9.565217391304348116e-02
1.666666666666666574e-01,0.000000000000000000e+00,3.793103448275861878e-01
3.043478260869564855e-01,0.000000000000000000e+00,3.624999999999999889e-01
1.000000000000000056e-01,0.000000000000000000e+00,3.863636363636364091e-01
4.444444444444444198e-01,2.608695652173912971e-01,1.030927835051546337e-01
4.444444444444444198e-01,2.608695652173912971e-01,1.030927835051546337e-01
7.142857142857142461e-02,0.000000000000000000e+00,4.642857142857143016e-01
4.444444444444444198e-01,2.608695652173912971e-01,1.041666666666666713e-01
5.294117647058823595e-01,2.272727272727272929e-01,1.538461538461538547e-01
7.058823529411765163e-01,0.000000000000000000e+00,1.818181818181818510e-01
0.000000000000000000e+00,3.684210526315789269e-01,2.156862745098039880e-01
5.294117647058823595e-01,2.272727272727272929e-01,1.551724137931034531e-01
4.444444444444444198e-01,1.481481481481481399e-01,0.000000000000000000e+00
5.999999999999999778e-01,0.000000000000000000e+00,2.640000000000000124e-01
7.058823529411765163e-01,0.000000000000000000e+00,1.809523809523808646e-01
5.000000000000000000e-01,4.545454545454545581e-02,0.000000000000000000e+00
5.217391304347825942e-01,4.166666666666665741e-02,1.250000000000000069e-02
2.941176470588235392e-01,0.000000000000000000e+00,3.636363636363637020e-01
0.000000000000000000e+00,0.000000000000000000e+00,5.921052631578946901e-01
0.000000000000000000e+00,0.000000000000000000e+00,5.921052631578946901e-01
4.444444444444444198e-01,2.916666666666666852e-01,2.424242424242424865e-01
0.000000000000000000e+00,3.636363636363637020e-01,1.739130434782608370e-01
4.444444444444444198e-01,2.916666666666666852e-01,2.399999999999999911e-01
4.705882352941175850e-01,1.428571428571428492e-01,3.372093023255813837e-01
0.000000000000000000e+00,2.999999999999999889e-01,6.122448979591836593e-02
2.500000000000000000e-01,4.166666666666665741e-02,3.043478260869564855e-01
3.030303030303030734e-02,3.636363636363637020e-01,1.558441558441558406e-01
4.444444444444444198e-01,1.428571428571428492e-01,0.000000000000000000e+00
0.000000000000000000e+00,1.250000000000000000e-01,3.437500000000000000e-01
0.000000000000000000e+00,2.307692307692308098e-01,3.148148148148148251e-01
0.000000000000000000e+00,1.875000000000000000e-01,3.030303030303030387e-01
0.000000000000000000e+00,2.999999999999999889e-01,6.306306306306305731e-02
1.111111111111111049e-01,3.750000000000000000e-01,1.769911504424778736e-01
4.705882352941175850e-01,2.307692307692308098e-01,3.118279569892473124e-01
1.111111111111111049e-01,3.750000000000000000e-01,1.779661016949152519e-01
3.076923076923077094e-01,2.222222222222222099e-01,0.000000000000000000e+00
1.724137931034482873e-01,4.761904761904761640e-02,2.857142857142856984e-01
3.030303030303030734e-02,3.076923076923077094e-01,6.289308176100628922e-02
4.444444444444444198e-01,2.500000000000000000e-01,9.708737864077669755e-02
4.545454545454545581e-02,2.727272727272727071e-01,3.333333333333333148e-01
7.058823529411765163e-01,0.000000000000000000e+00,1.780821917808219079e-01
4.444444444444444198e-01,2.500000000000000000e-01,9.803921568627452232e-02
0.000000000000000000e+00,3.333333333333333148e-01,1.100000000000000006e-01
5.555555555555555247e-02,1.666666666666666574e-01,3.195876288659793563e-01
6.666666666666667962e-02,0.000000000000000000e+00,4.769230769230770051e-01
5.294117647058823595e-01,3.703703703703703498e-02,2.649006622516556289e-02
7.692307692307692735e-02,2.000000000000000111e-01,3.384615384615384803e-01
5.294117647058823595e-01,3.846153846153846367e-02,2.797202797202796853e-02
0.000000000000000000e+00,1.176470588235293963e-01,3.571428571428571508e-01
0.000000000000000000e+00,3.333333333333333148e-01,2.747252747252747485e-01
0.000000000000000000e+00,3.571428571428571508e-01,2.019230769230769273e-01
7.058823529411765163e-01,0.000000000000000000e+00,1.758241758241758379e-01
3.888888888888888951e-01,2.727272727272727071e-01,9.523809523809523281e-02
7.692307692307692735e-02,3.157894736842105088e-01,7.185628742514969802e-02
1.666666666666666574e-01,5.000000000000000278e-02,2.781954887218044958e-01
0.000000000000000000e+00,7.142857142857142461e-02,4.810126582278481111e-01
4.705882352941175850e-01,7.692307692307692735e-02,0.000000000000000000e+00
0.000000000000000000e+00,1.666666666666666574e-01,2.948717948717948789e-01
3.333333333333333148e-01,3.333333333333333148e-01,2.234042553191489255e-01
5.294117647058823595e-01,7.142857142857142461e-02,3.448275862068964775e-02
4.444444444444444198e-01,2.500000000000000000e-01,1.090909090909090717e-01
2.380952380952381098e-01,0.000000000000000000e+00,3.692307692307693068e-01
0.000000000000000000e+00,2.000000000000000111e-01,2.962962962962962798e-01
7.058823529411765163e-01,0.000000000000000000e+00,1.739130434782608370e-01
7.058823529411765163e-01,0.000000000000000000e+00,1.739130434782608370e-01
7.058823529411765163e-01,0.000000000000000000e+00,1.739130434782608370e-01
0.000000000000000000e+00,2.999999999999999889e-01,7.751937984496123923e-02
0.000000000000000000e+00,3.125000000000000000e-01,9.278350515463917869e-02
1.785714285714285754e-01,9.090909090909092549e-02,3.148148148148148251e-01
0.000000000000000000e+00,9.090909090909092549e-02,4.307692307692307931e-01
3.030303030303030734e-02,3.076923076923077094e-01,7.575757575757575968e-02
0.000000000000000000e+00,2.631578947368420907e-01,3.030303030303030387e-01
1.000000000000000000e+00,0.000000000000000000e+00,8.222222222222221877e-01
7.058823529411765163e-01,0.000000000000000000e+00,1.733333333333333393e-01
7.058823529411765163e-01,0.000000000000000000e+00,1.733333333333333393e-01
7.058823529411765163e-01,0.000000000000000000e+00,1.733333333333333393e-01
3.888888888888888951e-01,1.666666666666666574e-01,0.000000000000000000e+00
3.888888888888888951e-01,1.666666666666666574e-01,0.000000000000000000e+00
0.000000000000000000e+00,2.857142857142856984e-01,6.432748538011696937e-02
4.166666666666666852e-01,2.500000000000000000e-01,8.823529411764706454e-02
2.500000000000000000e-01,4.166666666666665741e-02,2.923076923076923239e-01
0.000000000000000000e+00,1.666666666666666574e-01,2.931034482758620441e-01
0.000000000000000000e+00,1.764705882352941291e-01,2.892561983471074183e-01
3.750000000000000000e-01,0.000000000000000000e+00,3.437500000000000000e-01
2.941176470588235392e-01,1.875000000000000000e-01,3.636363636363637020e-01
0.000000000000000000e+00,1.818181818181818510e-01,2.891566265060240837e-01
4.642857142857143016e-01,3.703703703703703498e-02,0.000000000000000000e+00
5.999999999999999778e-01,0.000000000000000000e+00,2.573529411764705621e-01
0.000000000000000000e+00,2.500000000000000000e-01,3.921568627450980338e-02
3.888888888888888951e-01,1.666666666666666574e-01,3.488372093023255904e-01
0.000000000000000000e+00,2.727272727272727071e-01,5.607476635514017926e-02
3.750000000000000000e-01,3.125000000000000000e-01,2.099999999999999922e-01
0.000000000000000000e+00,1.578947368421052544e-01,2.987012987012986898e-01
0.000000000000000000e+00,3.157894736842105088e-01,1.040000000000000091e-01
0.000000000000000000e+00,2.105263157894736725e-01,2.941176470588235392e-01
1.000000000000000000e+00,0.000000000000000000e+00,8.199999999999999512e-01
1.250000000000000000e-01,6.250000000000000000e-02,2.705882352941176294e-01
0.000000000000000000e+00,3.333333333333333148e-01,1.383647798742138613e-01
5.000000000000000000e-01,2.352941176470587925e-01,1.826086956521739135e-01
0.000000000000000000e+00,3.333333333333333148e-01,1.392405063291139167e-01
4.814814814814815103e-01,3.448275862068964775e-02,1.257861635220125854e-02
4.583333333333333148e-01,5.000000000000000278e-02,0.000000000000000000e+00
7.058823529411765163e-01,0.000000000000000000e+00,1.710526315789473450e-01
4.583333333333333148e-01,5.882352941176471200e-02,0.000000000000000000e+00
0.000000000000000000e+00,2.727272727272727071e-01,6.034482758620689918e-02
0.000000000000000000e+00,2.000000000000000111e-01,2.884615384615384359e-01
4.285714285714285476e-01,2.000000000000000111e-01,4.807692307692307959e-02
5.000000000000000000e-01,1.875000000000000000e-01,9.090909090909092549e-02
0.000000000000000000e+00,0.000000000000000000e+00,5.813953488372093359e-01
4.444444444444444198e-01,2.727272727272727071e-01,2.000000000000000111e-01
2.777777777777777901e-01,0.000000000000000000e+00,3.619047619047618958e-01
2.222222222222222099e-01,0.000000000000000000e+00,3.695652173913043237e-01
5.294117647058823595e-01,1.818181818181818510e-01,1.206896551724137984e-01
0.000000000000000000e+00,1.818181818181818510e-01,2.812500000000000000e-01
0.000000000000000000e+00,3.076923076923077094e-01,1.030927835051546337e-01
6.250000000000000000e-02,2.941176470588235392e-01,3.125000000000000000e-01
4.166666666666666852e-01,2.500000000000000000e-01,1.012658227848101250e-01
0.000000000000000000e+00,3.181818181818181768e-01,2.612612612612613128e-01
0.000000000000000000e+00,1.666666666666666574e-01,2.874999999999999778e-01
0.000000000000000000e+00,0.000000000000000000e+00,5.794392523364485514e-01
2.941176470588235392e-01,2.105263157894736725e-01,3.555555555555556246e-01
3.888888888888888951e-01,2.727272727272727071e-01,1.176470588235293963e-01
1.818181818181818510e-01,5.263157894736841813e-02,2.727272727272727071e-01
5.000000000000000000e-01,8.695652173913041849e-02,2.868852459016392742e-01
3.448275862068964775e-02,1.764705882352941291e-01,2.946428571428571508e-01
0.000000000000000000e+00,2.631578947368420907e-01,6.060606060606061468e-02
0.000000000000000000e+00,2.142857142857142738e-01,3.100775193798448875e-02
4.444444444444444198e-01,2.500000000000000000e-01,1.354166666666666574e-01
7.692307692307692735e-02,1.818181818181818510e-01,3.157894736842105088e-01
0.000000000000000000e+00,1.600000000000000033e-01,2.924528301886792359e-01
0.000000000000000000e+00,3.076923076923077094e-01,1.100000000000000006e-01
0.000000000000000000e+00,3.333333333333333148e-01,1.734104046242774533e-01
7.058823529411765163e-01,0.000000000000000000e+00,1.666666666666666574e-01
7.058823529411765163e-01,0.000000000000000000e+00,1.666666666666666574e-01
7.058823529411765163e-01,0.000000000000000000e+00,1.666666666666666574e-01
5.294117647058823595e-01,4.166666666666665741e-02,2.403846153846153910e-01
4.782608695652174058e-01,3.030303030303030734e-02,2.380952380952380820e-02
5.294117647058823595e-01,4.000000000000000083e-02,2.380952380952381098e-01
2.727272727272727071e-01,3.333333333333333148e-01,2.564102564102563875e-01
0.000000000000000000e+00,3.333333333333333148e-01,1.940298507462686617e-01
3.030303030303030734e-02,1.333333333333333315e-01,3.200000000000000067e-01
0.000000000000000000e+00,3.157894736842105088e-01,1.290322580645161255e-01
5.294117647058823595e-01,1.875000000000000000e-01,2.307692307692308098e-01
3.888888888888888951e-01,1.818181818181818510e-01,2.307692307692308167e-02
0.000000000000000000e+00,0.000000000000000000e+00,5.765765765765765716e-01
0.000000000000000000e+00,1.304347826086956486e-01,3.250000000000000111e-01
4.285714285714285476e-01,6.250000000000000000e-02,0.000000000000000000e+00
0.000000000000000000e+00,2.307692307692308098e-01,4.605263157894736586e-02
7.058823529411765163e-01,0.000000000000000000e+00,1.650485436893203983e-01
3.333333333333333148e-01,2.727272727272727071e-01,8.800000000000000877e-02
4.444444444444444198e-01,2.608695652173912971e-01,1.862745098039216007e-01
7.058823529411765163e-01,0.000000000000000000e+00,1.647058823529411464e-01
7.058823529411765163e-01,0.000000000000000000e+00,1.647058823529411464e-01
3.793103448275861878e-01,1.764705882352941291e-01,1.785714285714285615e-02
4.444444444444444198e-01,2.307692307692308098e-01,1.100000000000000006e-01
4.444444444444444198e-01,1.428571428571428492e-01,2.884615384615385122e-02
5.294117647058823595e-01,4.000000000000000083e-02,2.314814814814815103e-01
7.142857142857142461e-02,2.999999999999999889e-01,8.108108108108108558e-02
4.000000000000000222e-01,1.176470588235293963e-01,0.000000000000000000e+00
0.000000000000000000e+00,2.500000000000000000e-01,6.086956521739131376e-02
5.294117647058823595e-01,4.000000000000000083e-02,2.293577981651377107e-01
3.333333333333333148e-01,2.727272727272727071e-01,9.166666666666666019e-02
4.444444444444444198e-01,1.379310344827586188e-01,2.884615384615385122e-02
4.444444444444444198e-01,2.399999999999999911e-01,1.318681318681318715e-01
0.000000000000000000e+00,2.142857142857142738e-01,4.081632653061223470e-02
0.000000000000000000e+00,2.500000000000000000e-01,6.306306306306305731e-02
0.000000000000000000e+00,2.777777777777777901e-01,8.661417322834646937e-02
7.058823529411765163e-01,0.000000000000000000e+00,1.631205673758865382e-01
4.444444444444444198e-01,2.500000000000000000e-01,2.528735632183908288e-01
0.000000000000000000e+00,2.307692307692308098e-01,5.194805194805195148e-02
7.142857142857142461e-02,0.000000000000000000e+00,4.468085106382978511e-01
0.000000000000000000e+00,2.500000000000000000e-01,6.451612903225806273e-02
4.137931034482759118e-01,7.142857142857142461e-02,0.000000000000000000e+00
4.137931034482759118e-01,6.666666666666667962e-02,0.000000000000000000e+00
2.941176470588235392e-01,4.761904761904761640e-02,2.843137254901961231e-01
7.058823529411765163e-01,0.000000000000000000e+00,1.625000000000000056e-01
7.058823529411765163e-01,0.000000000000000000e+00,1.625000000000000056e-01
7.058823529411765163e-01,0.000000000000000000e+00,1.625000000000000056e-01
0.000000000000000000e+00,1.666666666666666574e-01,2.812500000000000000e-01
4.117647058823529216e-01,5.882352941176471200e-02,0.000000000000000000e+00
0.000000000000000000e+00,2.727272727272727071e-01,2.696629213483145993e-01
0.000000000000000000e+00,3.125000000000000000e-01,2.352941176470587925e-01
0.000000000000000000e+00,2.307692307692308098e-01,5.421686746987951916e-02
0.000000000000000000e+00,2.500000000000000000e-01,6.666666666666667962e-02
4.444444444444444198e-01,2.500000000000000000e-01,2.444444444444444364e-01
0.000000000000000000e+00,2.500000000000000000e-01,6.748466257668712942e-02
7.142857142857142461e-02,2.307692307692308098e-01,3.119266055045871733e-01
7.058823529411765163e-01,0.000000000000000000e+00,1.616161616161616577e-01
0.000000000000000000e+00,2.857142857142856984e-01,2.604166666666666852e-01
5.517241379310344751e-01,0.000000000000000000e+00,2.755102040816326259e-01
1.818181818181818510e-01,3.571428571428571230e-02,0.000000000000000000e+00
0.000000000000000000e+00,2.352941176470587925e-01,5.882352941176471200e-02
0.000000000000000000e+00,2.307692307692308098e-01,5.660377358490566169e-02
0.000000000000000000e+00,2.857142857142856984e-01,2.588235294117647300e-01
0.000000000000000000e+00,2.222222222222222099e-01,2.698412698412698263e-01
2.941176470588235392e-01,3.157894736842105088e-01,2.598425196850392971e-01
3.076923076923077094e-01,2.500000000000000000e-01,5.882352941176471200e-02
2.000000000000000111e-01,4.347826086956521618e-02,2.541436464088397962e-01
0.000000000000000000e+00,2.000000000000000111e-01,2.644628099173553792e-01
4.000000000000000222e-01,5.555555555555555247e-02,0.000000000000000000e+00
4.000000000000000222e-01,5.555555555555555247e-02,0.000000000000000000e+00
4.000000000000000222e-01,5.555555555555555247e-02,0.000000000000000000e+00
5.294117647058823595e-01,1.739130434782608370e-01,1.650485436893203983e-01
5.294117647058823595e-01,7.142857142857142461e-02,7.563025210084033112e-02
4.000000000000000222e-01,5.882352941176471200e-02,0.000000000000000000e+00
4.000000000000000222e-01,5.882352941176471200e-02,0.000000000000000000e+00
4.000000000000000222e-01,5.882352941176471200e-02,0.000000000000000000e+00
0.000000000000000000e+00,2.222222222222222099e-01,5.369127516778523374e-02
7.058823529411765163e-01,0.000000000000000000e+00,1.604938271604938183e-01
0.000000000000000000e+00,3.125000000000000000e-01,2.215189873417721111e-01
0.000000000000000000e+00,1.176470588235293963e-01,3.424657534246575152e-01
0.000000000000000000e+00,2.999999999999999889e-01,1.274509803921568540e-01
6.250000000000000000e-02,2.941176470588235392e-01,8.791208791208791895e-02
5.000000000000000000e-01,1.764705882352941291e-01,2.613636363636363535e-01
0.000000000000000000e+00,2.500000000000000000e-01,7.228915662650602092e-02
0.000000000000000000e+00,2.857142857142856984e-01,2.545454545454545192e-01
3.181818181818181768e-01,2.000000000000000111e-01,2.127659574468085055e-02
0.000000000000000000e+00,2.380952380952381098e-01,6.470588235294116863e-02
4.516129032258063836e-01,0.000000000000000000e+00,3.153846153846153744e-01
0.000000000000000000e+00,2.727272727272727071e-01,9.278350515463917869e-02
4.444444444444444198e-01,2.500000000000000000e-01,1.975308641975308532e-01
1.000000000000000000e+00,4.000000000000000222e-01,8.461538461538461453e-01
1.666666666666666574e-01,3.846153846153846367e-02,2.290076335877862523e-01
0.000000000000000000e+00,2.380952380952381098e-01,6.666666666666667962e-02
0.000000000000000000e+00,2.380952380952381098e-01,6.707317073170732113e-02
0.000000000000000000e+00,2.352941176470587925e-01,2.658227848101265556e-01
0.000000000000000000e+00,2.380952380952381098e-01,6.748466257668712942e-02
6.250000000000000000e-02,2.941176470588235392e-01,9.174311926605503709e-02
3.888888888888888951e-01,8.333333333333332871e-02,0.000000000000000000e+00
3.888888888888888951e-01,8.333333333333332871e-02,0.000000000000000000e+00
2.173913043478260809e-01,1.818181818181818510e-01,3.364485981308411033e-01
1.538461538461538547e-01,3.703703703703703498e-02,0.000000000000000000e+00
1.538461538461538547e-01,3.703703703703703498e-02,0.000000000000000000e+00
0.000000000000000000e+00,3.125000000000000000e-01,1.941176470588235892e-01
3.888888888888888951e-01,7.692307692307692735e-02,0.000000000000000000e+00
1.666666666666666574e-01,3.846153846153846367e-02,2.272727272727272929e-01
6.666666666666667962e-02,3.333333333333333148e-01,2.254901960784312931e-01
5.294117647058823595e-01,1.666666666666666574e-01,1.666666666666666574e-01
0.000000000000000000e+00,2.800000000000000266e-01,1.057692307692307682e-01
0.000000000000000000e+00,1.904761904761904656e-01,2.583333333333333592e-01
0.000000000000000000e+00,2.500000000000000000e-01,7.692307692307692735e-02
1.333333333333333315e-01,5.882352941176471200e-02,2.399999999999999911e-01
3.793103448275861878e-01,5.000000000000000278e-02,0.000000000000000000e+00
3.793103448275861878e-01,5.000000000000000278e-02,0.000000000000000000e+00
3.793103448275861878e-01,5.000000000000000278e-02,0.000000000000000000e+00
0.000000000000000000e+00,2.777777777777777901e-01,1.042944785276073566e-01
5.294117647058823595e-01,1.666666666666666574e-01,1.730769230769230727e-01
3.076923076923077094e-01,1.818181818181818510e-01,3.368421052631578871e-01
3.888888888888888951e-01,0.000000000000000000e+00,3.333333333333333148e-01
4.444444444444444198e-01,2.173913043478260809e-01,1.122448979591836732e-01
0.000000000000000000e+00,2.500000000000000000e-01,7.812500000000000000e-02
3.793103448275861878e-01,5.263157894736841813e-02,0.000000000000000000e+00
3.793103448275861878e-01,5.263157894736841813e-02,0.000000000000000000e+00
6.250000000000000000e-02,2.941176470588235392e-01,9.411764705882352811e-02
0.000000000000000000e+00,2.941176470588235392e-01,1.290322580645161255e-01
2.173913043478260809e-01,1.904761904761904656e-01,3.362068965517240882e-01
3.793103448275861878e-01,5.555555555555555247e-02,0.000000000000000000e+00
3.793103448275861878e-01,5.555555555555555247e-02,0.000000000000000000e+00
2.941176470588235392e-01,4.761904761904761640e-02,2.747252747252747485e-01
1.000000000000000000e+00,6.500000000000000222e-01,6.764705882352941568e-01
5.294117647058823595e-01,7.692307692307692735e-02,8.737864077669901808e-02
3.076923076923077094e-01,1.578947368421052544e-01,0.000000000000000000e+00
0.000000000000000000e+00,2.000000000000000111e-01,2.558139534883721034e-01
5.294117647058823595e-01,6.666666666666667962e-02,8.771929824561403022e-02
3.793103448275861878e-01,6.250000000000000000e-02,0.000000000000000000e+00
0.000000000000000000e+00,2.857142857142856984e-01,1.181818181818181795e-01
5.294117647058823595e-01,7.407407407407406996e-02,2.282608695652172948e-01
0.000000000000000000e+00,2.173913043478260809e-01,5.882352941176471200e-02
5.294117647058823595e-01,4.000000000000000083e-02,9.565217391304348116e-02
4.444444444444444198e-01,2.307692307692308098e-01,1.401869158878504551e-01
0.000000000000000000e+00,2.500000000000000000e-01,8.108108108108108558e-02
0.000000000000000000e+00,2.500000000000000000e-01,8.121827411167512056e-02
0.000000000000000000e+00,2.222222222222222099e-01,6.306306306306305731e-02
2.173913043478260809e-01,9.090909090909092549e-02,2.947368421052631304e-01
3.200000000000000067e-01,2.307692307692308098e-01,5.194805194805195148e-02
7.058823529411765163e-01,0.000000000000000000e+00,1.573033707865168496e-01
7.058823529411765163e-01,0.000000000000000000e+00,1.573033707865168496e-01
0.000000000000000000e+00,2.272727272727272929e-01,6.666666666666667962e-02
6.250000000000000000e-02,2.941176470588235392e-01,9.734513274336284439e-02
3.333333333333333148e-01,2.608695652173912971e-01,9.322033898305083499e-02
0.000000000000000000e+00,2.777777777777777901e-01,1.097560975609755962e-01
0.000000000000000000e+00,2.500000000000000000e-01,8.280254777070061856e-02
4.444444444444444198e-01,2.307692307692308098e-01,2.555555555555555358e-01
7.058823529411765163e-01,0.000000000000000000e+00,1.568627450980392135e-01
4.117647058823529216e-01,9.090909090909092549e-02,1.315789473684210453e-02
0.000000000000000000e+00,2.307692307692308098e-01,7.042253521126760896e-02
4.444444444444444198e-01,2.173913043478260809e-01,1.182795698924731242e-01
4.285714285714285476e-01,1.052631578947368363e-01,2.352941176470588203e-02
1.666666666666666574e-01,6.666666666666667962e-02,2.560975609756097615e-01
0.000000000000000000e+00,2.941176470588235392e-01,1.382978723404255372e-01
0.000000000000000000e+00,2.727272727272727071e-01,1.056338028169014065e-01
4.782608695652174058e-01,5.555555555555555247e-02,4.651162790697673660e-02
5.294117647058823595e-01,8.333333333333332871e-02,9.473684210526316096e-02
0.000000000000000000e+00,2.857142857142856984e-01,1.239669421487603201e-01
4.000000000000000222e-01,5.263157894736841813e-02,1.000000000000000021e-02
0.000000000000000000e+00,2.000000000000000111e-01,2.520325203252032353e-01
2.105263157894736725e-01,4.347826086956521618e-02,2.470588235294116919e-01
3.076923076923077094e-01,1.764705882352941291e-01,1.162790697674418589e-02
0.000000000000000000e+00,2.666666666666666630e-01,2.500000000000000000e-01
3.684210526315789269e-01,3.125000000000000000e-02,7.751937984496123056e-03
0.000000000000000000e+00,2.500000000000000000e-01,8.536585365853659180e-02
1.499999999999999944e-01,2.068965517241380114e-01,3.235294117647058987e-01
1.785714285714285754e-01,5.882352941176471200e-02,0.000000000000000000e+00
1.212121212121212432e-01,1.764705882352941291e-01,0.000000000000000000e+00
3.793103448275861878e-01,5.000000000000000278e-02,5.347593582887700224e-03
3.076923076923077094e-01,1.764705882352941291e-01,1.204819277108433798e-02
4.000000000000000222e-01,6.666666666666667962e-02,9.523809523809522934e-03
4.000000000000000222e-01,6.666666666666667962e-02,9.708737864077669061e-03
0.000000000000000000e+00,2.272727272727272929e-01,7.096774193548387177e-02
0.000000000000000000e+00,2.352941176470587925e-01,7.633587786259542207e-02
4.000000000000000222e-01,5.555555555555555247e-02,1.111111111111111327e-02
4.444444444444444198e-01,2.399999999999999911e-01,1.844660194174757295e-01
0.000000000000000000e+00,0.000000000000000000e+00,5.652173913043477826e-01
4.000000000000000222e-01,6.666666666666667962e-02,1.020408163265305868e-02
0.000000000000000000e+00,2.666666666666666630e-01,1.028037383177569930e-01
3.793103448275861878e-01,5.263157894736841813e-02,5.847953216374268681e-03
1.666666666666666574e-01,5.263157894736841813e-02,2.374100719424460382e-01
5.294117647058823595e-01,7.407407407407406996e-02,2.187500000000000000e-01
0.000000000000000000e+00,2.272727272727272929e-01,7.236842105263158187e-02
0.000000000000000000e+00,2.500000000000000000e-01,8.805031446540879936e-02
3.076923076923077094e-01,1.764705882352941291e-01,1.315789473684210453e-02
0.000000000000000000e+00,2.941176470588235392e-01,1.481481481481481399e-01
4.000000000000000222e-01,6.250000000000000000e-02,1.149425287356321823e-02
4.444444444444444198e-01,2.399999999999999911e-01,2.023809523809524114e-01
3.793103448275861878e-01,5.263157894736841813e-02,6.666666666666667095e-03
2.500000000000000000e-01,8.695652173913041849e-02,2.941176470588235392e-01
3.793103448275861878e-01,5.000000000000000278e-02,7.246376811594202987e-03
0.000000000000000000e+00,2.500000000000000000e-01,8.928571428571428770e-02
3.793103448275861878e-01,5.263157894736841813e-02,6.993006993006993001e-03
0.000000000000000000e+00,2.272727272727272929e-01,7.382550335570470246e-02
0.000000000000000000e+00,2.631578947368420907e-01,1.018518518518518323e-01
0.000000000000000000e+00,1.304347826086956486e-01,3.188405797101449002e-01
0.000000000000000000e+00,2.500000000000000000e-01,8.988764044943819975e-02
0.000000000000000000e+00,2.272727272727272929e-01,7.432432432432432845e-02
0.000000000000000000e+00,2.941176470588235392e-01,1.525423728813559421e-01
0.000000000000000000e+00,2.272727272727272929e-01,7.453416149068323171e-02
4.137931034482759118e-01,6.666666666666667962e-02,1.724137931034482735e-02
0.000000000000000000e+00,2.142857142857142738e-01,6.369426751592358049e-02
7.058823529411765163e-01,0.000000000000000000e+00,1.547619047619047394e-01
0.000000000000000000e+00,2.000000000000000111e-01,3.333333333333333287e-02
2.941176470588235392e-01,5.555555555555555247e-02,2.747252747252747485e-01
0.000000000000000000e+00,1.666666666666666574e-01,2.739726027397260122e-01
0.000000000000000000e+00,1.428571428571428492e-01,3.035714285714284921e-01
0.000000000000000000e+00,2.727272727272727071e-01,1.145833333333333287e-01
2.500000000000000000e-01,4.166666666666665741e-02,0.000000000000000000e+00
0.000000000000000000e+00,2.352941176470587925e-01,8.064516129032257841e-02
5.294117647058823595e-01,4.000000000000000083e-02,1.788617886178861804e-01
0.000000000000000000e+00,2.142857142857142738e-01,6.477732793522267274e-02
3.076923076923077094e-01,1.764705882352941291e-01,1.515151515151515367e-02
3.793103448275861878e-01,6.250000000000000000e-02,7.194244604316547137e-03
0.000000000000000000e+00,2.000000000000000111e-01,2.459016393442622905e-01
0.000000000000000000e+00,2.272727272727272929e-01,7.638888888888889506e-02
3.333333333333333287e-02,2.941176470588235392e-01,1.222222222222222182e-01
5.294117647058823595e-01,4.000000000000000083e-02,1.760000000000000175e-01
0.000000000000000000e+00,2.352941176470587925e-01,8.181818181818183155e-02
3.888888888888888951e-01,7.692307692307692735e-02,9.708737864077669061e-03
0.000000000000000000e+00,2.500000000000000000e-01,2.471910112359550493e-01
1.600000000000000033e-01,5.882352941176471200e-02,0.000000000000000000e+00
3.793103448275861878e-01,6.250000000000000000e-02,7.874015748031495954e-03
4.285714285714285476e-01,6.666666666666667962e-02,2.531645569620253125e-02
1.666666666666666574e-01,3.846153846153846367e-02,2.132352941176470507e-01
3.076923076923077094e-01,1.764705882352941291e-01,1.612903225806451568e-02
3.076923076923077094e-01,1.764705882352941291e-01,1.639344262295081706e-02
3.030303030303030734e-02,2.142857142857142738e-01,5.263157894736841813e-02
1.666666666666666574e-01,3.846153846153846367e-02,2.116788321167883125e-01
3.076923076923077094e-01,1.764705882352941291e-01,1.694915254237288130e-02
0.000000000000000000e+00,2.222222222222222099e-01,7.575757575757575968e-02
1.333333333333333315e-01,8.333333333333332871e-02,2.500000000000000000e-01
0.000000000000000000e+00,2.631578947368420907e-01,2.396694214876033124e-01
0.000000000000000000e+00,2.727272727272727071e-01,2.333333333333333093e-01
5.000000000000000000e-01,1.428571428571428492e-01,2.500000000000000000e-01
0.000000000000000000e+00,2.000000000000000111e-01,2.429906542056075036e-01
3.793103448275861878e-01,7.692307692307692735e-02,8.620689655172413673e-03
3.076923076923077094e-01,1.764705882352941291e-01,1.724137931034482735e-02
0.000000000000000000e+00,2.500000000000000000e-01,2.439024390243902385e-01
3.181818181818181768e-01,1.250000000000000000e-01,0.000000000000000000e+00
0.000000000000000000e+00,1.666666666666666574e-01,2.727272727272727071e-01
0.000000000000000000e+00,2.272727272727272929e-01,8.024691358024690913e-02
0.000000000000000000e+00,2.105263157894736725e-01,6.250000000000000000e-02
0.000000000000000000e+00,2.272727272727272929e-01,8.035714285714286309e-02
0.000000000000000000e+00,2.307692307692308098e-01,8.270676691729322849e-02
9.090909090909092549e-02,0.000000000000000000e+00,3.802816901408450634e-01
0.000000000000000000e+00,2.142857142857142738e-01,6.896551724137930939e-02
0.000000000000000000e+00,2.608695652173912971e-01,2.388059701492536990e-01
3.333333333333333148e-01,2.500000000000000000e-01,9.009009009009007196e-02
0.000000000000000000e+00,2.272727272727272929e-01,2.446808510638296963e-01
0.000000000000000000e+00,2.142857142857142738e-01,6.936416184971097576e-02
7.058823529411765163e-01,0.000000000000000000e+00,1.529411764705882470e-01
1.666666666666666574e-01,3.846153846153846367e-02,2.095808383233532801e-01
3.793103448275861878e-01,5.263157894736841813e-02,1.226993865030674875e-02
4.583333333333333148e-01,5.000000000000000278e-02,4.597701149425286599e-02
4.444444444444444198e-01,2.173913043478260809e-01,1.359223300970873460e-01
4.117647058823529216e-01,4.166666666666665741e-02,2.528735632183908288e-01
0.000000000000000000e+00,2.105263157894736725e-01,6.400000000000000133e-02
1.666666666666666574e-01,2.040816326530611735e-02,5.050505050505049720e-02
4.285714285714285476e-01,5.263157894736841813e-02,3.030303030303030734e-02
3.076923076923077094e-01,0.000000000000000000e+00,3.495145631067960723e-01
5.217391304347825942e-01,4.000000000000000083e-02,1.188118811881188064e-01
0.000000000000000000e+00,2.142857142857142738e-01,7.096774193548387177e-02
0.000000000000000000e+00,2.500000000000000000e-01,1.000000000000000056e-01
6.250000000000000000e-02,2.941176470588235392e-01,1.149425287356321546e-01
2.500000000000000000e-01,8.695652173913041849e-02,2.884615384615384359e-01
3.076923076923077094e-01,0.000000000000000000e+00,3.493975903614457978e-01
2.941176470588235392e-01,1.666666666666666574e-01,1.149425287356321823e-02
0.000000000000000000e+00,0.000000000000000000e+00,5.609756097560976151e-01
0.000000000000000000e+00,2.352941176470587925e-01,8.947368421052633025e-02
7.058823529411765163e-01,0.000000000000000000e+00,1.521739130434782705e-01
7.058823529411765163e-01,0.000000000000000000e+00,1.521739130434782705e-01
0.000000000000000000e+00,2.857142857142856984e-01,1.562500000000000000e-01
0.000000000000000000e+00,2.857142857142856984e-01,2.045454545454545581e-01
5.294117647058823595e-01,5.555555555555555247e-02,1.282051282051281937e-01
0.000000000000000000e+00,2.500000000000000000e-01,1.022727272727272790e-01
0.000000000000000000e+00,2.105263157894736725e-01,6.632653061224490221e-02
0.000000000000000000e+00,2.500000000000000000e-01,1.025641025641025605e-01
0.000000000000000000e+00,2.352941176470587925e-01,9.090909090909092549e-02
2.857142857142856984e-01,5.555555555555555247e-02,0.000000000000000000e+00
5.000000000000000278e-02,2.105263157894736725e-01,2.758620689655172376e-01
5.999999999999999778e-01,0.000000000000000000e+00,2.421875000000000000e-01
3.750000000000000000e-01,2.727272727272727071e-01,2.076923076923077038e-01
2.941176470588235392e-01,0.000000000000000000e+00,3.516483516483516758e-01
0.000000000000000000e+00,2.500000000000000000e-01,1.041666666666666713e-01
4.166666666666666852e-01,5.000000000000000278e-02,2.555555555555555358e-01
0.000000000000000000e+00,0.000000000000000000e+00,5.600000000000000533e-01
0.000000000000000000e+00,0.000000000000000000e+00,5.600000000000000533e-01
0.000000000000000000e+00,2.000000000000000111e-01,2.368421052631579093e-01
3.076923076923077094e-01,1.578947368421052544e-01,1.219512195121951262e-02
3.076923076923077094e-01,1.578947368421052544e-01,1.219512195121951262e-02
5.000000000000000000e-01,1.764705882352941291e-01,2.000000000000000111e-01
2.800000000000000266e-01,5.882352941176471200e-02,0.000000000000000000e+00
2.666666666666666630e-01,5.882352941176471200e-02,0.000000000000000000e+00
5.000000000000000000e-01,1.666666666666666574e-01,2.222222222222222099e-01
0.000000000000000000e+00,2.857142857142856984e-01,1.851851851851852027e-01
6.250000000000000000e-02,2.941176470588235392e-01,1.204819277108433451e-01
0.000000000000000000e+00,2.857142857142856984e-01,1.797752808988763995e-01
3.513513513513513709e-01,5.263157894736841813e-02,9.615384615384615918e-03
9.090909090909092549e-02,1.212121212121212432e-01,2.666666666666666630e-01
9.090909090909092549e-02,1.212121212121212432e-01,2.666666666666666630e-01
9.090909090909092549e-02,1.212121212121212432e-01,2.666666666666666630e-01
3.076923076923077094e-01,1.111111111111111049e-01,0.000000000000000000e+00
3.076923076923077094e-01,1.111111111111111049e-01,0.000000000000000000e+00
3.076923076923077094e-01,1.111111111111111049e-01,0.000000000000000000e+00
1.666666666666666574e-01,3.448275862068964775e-02,2.608695652173913249e-02
7.058823529411765163e-01,0.000000000000000000e+00,1.509433962264150886e-01
1.818181818181818510e-01,5.263157894736841813e-02,2.321428571428571508e-01
3.076923076923077094e-01,2.500000000000000000e-01,8.333333333333332871e-02
9.090909090909092549e-02,1.428571428571428492e-01,2.698412698412698263e-01
