_id,idWalmart,idAmazon,brand_brand_jac_qgm_3_qgm_3,modelno_modelno_jac_qgm_3_qgm_3,title_title_jac_qgm_3_qgm_3,price_abs_diff,gold,dataset
556,4,4379,1.0,1.0,0.3372093023255814,0.0,1,Real
995,6,20933,0.2857142857142857,1.0,0.5744680851063829,0.539999999999992,1,Real
2531,10,2457,1.0,1.0,0.19607843137254904,2.889999999999999,1,Real
5551,16,4283,1.0,1.0,0.6781609195402298,7.27,1,Real
6689,16,17811,1.0,0.0,0.6421052631578947,13.53,1,Real
11273,20,13058,1.0,1.0,0.24489795918367346,63.59000000000003,1,Real
16423,27,538,1.0,1.0,0.27,9.610000000000014,1,Real
17406,31,11089,1.0,0.1176470588235294,0.85,1.9200000000000017,1,Real
18676,35,3068,1.0,0.0,0.4137931034482759,6.8900000000000015,1,Real
22444,40,10873,1.0,1.0,0.5882352941176471,9.990000000000009,1,Real
23383,42,6817,1.0,1.0,0.3504273504273504,7.940000000000001,1,Real
23627,43,173,1.0,1.0,0.42105263157894735,0.5499999999999989,1,Real
29222,54,17893,1.0,0.0,0.9014084507042254,0.0,1,Real
30635,57,9165,0.3076923076923077,0.0,0.5,6.9499999999999975,1,Real
30929,57,21965,0.3076923076923077,0.19047619047619047,0.5,0.9899999999999984,1,Real
31323,58,13303,1.0,1.0,0.6268656716417911,0.0,1,Real
36765,66,7157,1.0,0.13333333333333333,0.2753623188405797,15.01,1,Real
36848,66,11130,1.0,1.0,1.0,8.3,1,Real
37069,67,3669,1.0,1.0,0.37662337662337664,4.060000000000001,1,Real
37357,70,21810,1.0,1.0,0.3253012048192771,3.690000000000001,1,Real
40652,79,12348,1.0,0.0,0.4375,10.750000000000005,1,Real
42392,82,17195,1.0,0.0,0.8767123287671232,18.03,1,Real
45061,86,9497,1.0,0.5,0.25806451612903225,4.32,1,Real
45495,87,11618,1.0,0.0,0.9,16.979999999999997,1,Real
45838,89,18981,0.0625,0.0,0.4563106796116505,10.879999999999995,1,Real
46456,91,21918,1.0,1.0,0.3541666666666667,15.820000000000006,1,Real
48386,94,8351,1.0,1.0,0.6129032258064516,8.68,1,Real
48614,95,9052,1.0,0.4166666666666667,0.6491228070175439,6.75,1,Real
49269,96,10967,1.0,0.5,0.36585365853658536,23.72999999999996,1,Real
49829,98,15905,1.0,0.4615384615384616,0.7027027027027027,0.7599999999999979,1,Real
50569,100,4521,1.0,0.5714285714285714,0.5294117647058824,2.4600000000000084,1,Real
53529,103,11760,1.0,1.0,0.42857142857142855,5.25,1,Real
55723,109,12442,1.0,0.16666666666666666,0.17391304347826084,38.99000000000001,1,Real
59265,121,13523,1.0,1.0,0.2159090909090909,5.060000000000001,1,Real
59278,121,14796,1.0,1.0,0.5227272727272727,11.049999999999995,1,Real
62487,127,1556,1.0,1.0,0.328125,14.14,1,Real
64161,129,2702,1.0,1.0,0.631578947368421,1.0499999999999972,1,Real
64231,129,10641,1.0,1.0,0.4024390243902439,1.019999999999996,1,Real
64460,131,9891,1.0,1.0,0.2352941176470588,0.23999999999999844,1,Real
64918,132,5596,1.0,1.0,0.264,0.0,1,Real
66979,134,18759,1.0,1.0,0.32,1.6599999999999984,1,Real
67107,135,3741,1.0,0.3333333333333333,0.4415584415584416,54.37000000000001,1,Real
68316,138,21121,0.45,1.0,0.3883495145631068,43.51999999999998,1,Real
70714,145,7971,1.0,0.4375,0.476923076923077,0.0,1,Real
71625,146,15892,1.0,0.0,0.62,10.04,1,Real
72325,148,21193,1.0,0.0,0.5918367346938775,0.0,1,Real
72387,149,16399,1.0,0.0,0.5918367346938775,28.170000000000016,1,Real
72402,149,18937,1.0,1.0,0.55,46.31,1,Real
72454,150,8944,1.0,0.0,0.203125,2.620000000000001,1,Real
75161,158,16206,1.0,0.0,0.6336633663366337,40.06,1,Real
75918,160,5665,1.0,0.05,0.4266666666666667,5.800000000000002,1,Real
76903,164,124,0.4117647058823529,1.0,0.3493975903614458,7.1200000000000045,1,Real
77105,165,18938,1.0,1.0,0.6229508196721312,23.61,1,Real
78775,168,15438,1.0,1.0,0.26666666666666666,26.0,1,Real
79662,173,1153,1.0,0.4615384615384616,0.2992125984251969,1.3400000000000034,1,Real
80043,174,1250,0.2,0.3333333333333333,0.2831858407079646,4.759999999999998,1,Real
82494,177,4855,1.0,1.0,0.3484848484848485,59.87000000000001,1,Real
83399,179,19150,1.0,0.0,0.5846153846153846,12.320000000000006,1,Real
83455,180,8546,1.0,0.0,0.3709677419354839,28.500000000000004,1,Real
87073,185,2960,1.0,0.0,1.0,0.0,1,Real
89139,192,1244,1.0,1.0,0.6595744680851063,16.829999999999984,1,Real
89231,192,11198,1.0,1.0,0.3205128205128205,28.0,1,Real
89396,193,11132,1.0,1.0,0.28125,10.619999999999996,1,Real
89721,195,6877,0.7058823529411765,1.0,1.0,2.0,1,Real
92064,200,5512,1.0,1.0,0.8636363636363636,13.29,1,Real
92991,202,6829,1.0,0.045454545454545456,0.7127659574468085,8.079999999999991,1,Real
93952,203,2448,1.0,1.0,0.2236842105263158,2.0100000000000047,1,Real
95235,206,10518,1.0,1.0,0.7704918032786885,7.93,1,Real
97965,212,401,1.0,1.0,0.47,2.4000000000000004,1,Real
102407,216,6602,1.0,1.0,1.0,0.0,1,Real
105669,218,5275,1.0,1.0,0.631578947368421,33.18999999999999,1,Real
106844,220,8697,1.0,1.0,0.5,1.4299999999999995,1,Real
110510,223,1355,1.0,1.0,0.5428571428571428,4.080000000000002,1,Real
112666,226,12628,1.0,1.0,0.7294117647058823,5.0200000000000005,1,Real
113701,228,2203,0.2,0.0,0.09333333333333334,92.94,1,Real
118962,236,21784,1.0,0.0,0.7674418604651163,6.12,1,Real
121145,240,10618,1.0,1.0,0.7719298245614035,9.010000000000003,1,Real
124031,247,19032,0.0,0.0,0.8070175438596491,2.8800000000000012,1,Real
128062,260,10735,1.0,1.0,0.3263157894736842,15.829999999999993,1,Real
128469,261,3778,0.25,0.3157894736842105,0.15294117647058825,9.01,1,Real
128790,262,5193,1.0,1.0,0.647887323943662,8.949999999999989,1,Real
130523,265,16641,1.0,0.0,0.5465116279069767,31.51,1,Real
131219,267,2950,1.0,1.0,0.4266666666666667,4.1400000000000015,1,Real
136950,277,15427,1.0,1.0,0.4897959183673469,0.5300000000000011,1,Real
144312,287,18627,1.0,1.0,0.3606557377049181,6.999999999999997,1,Real
149472,295,19912,1.0,1.0,0.7631578947368421,0.0,1,Real
150374,298,15654,1.0,0.6666666666666666,1.0,0.0,1,Real
150851,300,4645,1.0,1.0,0.3461538461538461,3.9899999999999984,1,Real
153514,308,10210,1.0,1.0,0.31521739130434784,1.3799999999999957,1,Real
156098,314,8871,0.0,1.0,0.3211009174311927,0.10999999999999943,1,Real
157723,316,7706,1.0,0.7,0.5555555555555556,0.5899999999999999,1,Real
159050,318,1083,1.0,1.0,0.2361111111111111,17.300000000000004,1,Real
159639,320,21484,1.0,1.0,0.7121212121212122,1.0600000000000025,1,Real
160218,322,4630,1.0,1.0,0.21052631578947367,5.550000000000002,1,Real
160413,323,9991,1.0,0.0,0.7192982456140351,1.2799999999999994,1,Real
161012,325,8520,1.0,1.0,0.6864406779661016,22.84,1,Real
163876,331,16953,0.0,0.0,0.3409090909090909,11.610000000000005,1,Real
165169,337,20175,0.05882352941176471,1.0,0.5375,0.0,1,Real
171978,347,8305,1.0,1.0,0.4647887323943662,1.0200000000000005,1,Real
172901,348,14459,0.2727272727272727,1.0,0.2682926829268293,12.440000000000026,1,Real
180039,352,10049,1.0,1.0,0.2635135135135135,49.0,1,Real
183622,357,21592,1.0,1.0,0.4078947368421053,2.66,1,Real
185476,361,11567,1.0,1.0,0.5161290322580645,8.28,1,Real
185782,361,19151,1.0,0.0,0.5862068965517241,1.8899999999999988,1,Real
186696,365,9533,1.0,1.0,0.14457831325301204,20.270000000000003,1,Real
189722,371,15072,1.0,1.0,0.5064935064935064,0.0,1,Real
190904,376,5042,1.0,1.0,0.26744186046511625,24.53,1,Real
191629,377,9390,1.0,1.0,0.4578313253012048,8.769999999999996,1,Real
192628,379,21691,1.0,1.0,0.8421052631578947,47.85,1,Real
197439,388,3170,1.0,1.0,0.3977272727272727,13.819999999999993,1,Real
197888,390,10544,1.0,0.0,0.25203252032520324,13.840000000000005,1,Real
198598,395,1768,0.0,0.3333333333333333,0.21686746987951808,56.99,1,Real
198615,396,100,1.0,1.0,0.3043478260869565,0.0,1,Real
199424,397,7150,1.0,0.0,0.2716049382716049,0.5700000000000003,1,Real
199525,397,17849,1.0,0.0,0.3797468354430379,11.900000000000002,1,Real
206399,416,20386,1.0,0.0,0.3809523809523809,7.29000000000002,1,Real
206631,417,19476,1.0,1.0,0.3484848484848485,2.01,1,Real
213420,425,8535,0.7058823529411765,0.7058823529411765,0.3734939759036144,3.4799999999999898,1,Real
216508,427,14869,1.0,1.0,0.25609756097560976,10.890000000000004,1,Real
217024,429,6991,1.0,0.5,0.4615384615384616,1.3599999999999994,1,Real
217706,430,3274,1.0,1.0,0.43478260869565216,19.009999999999987,1,Real
224594,449,13174,1.0,1.0,0.6412213740458015,4.010000000000005,1,Real
225764,453,16646,1.0,0.0,0.6210526315789474,18.75,1,Real
226242,454,4893,1.0,1.0,0.30303030303030304,3.5,1,Real
226628,454,10900,1.0,1.0,0.30303030303030304,1.4899999999999984,1,Real
227203,455,1892,1.0,1.0,0.5846153846153846,1.3900000000000006,1,Real
230314,458,8019,1.0,1.0,0.2900763358778626,32.01999999999998,1,Real
233848,464,11441,1.0,1.0,0.6144578313253012,0.0,1,Real
235240,466,15279,1.0,0.0,0.8289473684210527,46.22,1,Real
236811,469,20646,1.0,0.0,0.6458333333333334,0.0,1,Real
236840,470,2721,1.0,0.0,1.0,26.72,1,Real
236947,470,19258,1.0,0.0,0.6774193548387096,26.72,1,Real
239873,473,15368,1.0,0.0,0.4022988505747127,24.60999999999999,1,Real
240776,476,782,1.0,1.0,0.28695652173913044,111.36,1,Real
240782,476,12747,1.0,0.0,0.5932203389830508,3.259999999999991,1,Real
240823,477,2718,1.0,0.7777777777777778,0.4024390243902439,17.900000000000006,1,Real
243288,482,987,1.0,1.0,0.15151515151515152,7.910000000000004,1,Real
243336,482,14854,1.0,0.0,0.3870967741935484,1.3399999999999963,1,Real
244107,484,9131,1.0,1.0,0.4712643678160919,11.789999999999992,1,Real
247434,492,19958,1.0,1.0,0.8604651162790697,6.8400000000000025,1,Real
248292,497,4497,1.0,0.0,0.4576271186440678,2.4000000000000004,1,Real
249862,501,12545,1.0,0.5454545454545454,0.7377049180327869,0.0,1,Real
250593,503,11436,1.0,1.0,0.4177215189873418,1.5799999999999983,1,Real
251443,504,10207,1.0,0.0,0.3636363636363637,13.350000000000026,1,Real
252569,505,15432,1.0,1.0,0.28735632183908044,0.9900000000000092,1,Real
257099,512,1393,0.5,1.0,0.3333333333333333,0.7199999999999989,1,Real
257591,513,9061,1.0,1.0,0.4576271186440678,25.02,1,Real
258950,515,14882,1.0,0.4545454545454545,0.2298850574712644,8.739999999999995,1,Real
260805,519,2139,1.0,1.0,0.5555555555555556,0.03999999999999915,1,Real
264145,524,3627,1.0,0.0,0.5136986301369864,12.35,1,Real
265822,528,486,1.0,0.0,0.8333333333333334,25.890000000000004,1,Real
267752,529,21348,1.0,1.0,0.6964285714285714,1.1500000000000004,1,Real
267825,530,17880,1.0,0.0,0.5505617977528089,21.75,1,Real
268186,531,18532,0.2272727272727273,0.0,0.6571428571428571,13.59,1,Real
268587,532,19818,1.0,1.0,0.5,3.75,1,Real
270708,538,791,0.0,1.0,0.4782608695652174,86.00999999999998,1,Real
270879,539,10462,0.3636363636363637,1.0,0.2333333333333333,12.0,1,Real
270889,539,17175,0.3636363636363637,0.0,0.4423076923076923,5.009999999999998,1,Real
270937,540,11543,1.0,1.0,0.4736842105263158,0.23999999999999844,1,Real
271051,541,9384,0.5,1.0,1.0,2.890000000000004,1,Real
271231,542,9190,1.0,1.0,0.3132530120481928,10.939999999999998,1,Real
271842,543,13160,1.0,1.0,0.35869565217391297,8.379999999999999,1,Real
272618,545,13665,1.0,0.42857142857142855,0.3448275862068966,3.01,1,Real
273156,546,7625,1.0,0.0,0.4298245614035088,3.0600000000000023,1,Real
274455,548,9296,1.0,1.0,0.581081081081081,4.85,1,Real
275733,551,2556,0.2727272727272727,1.0,0.3163265306122449,21.91,1,Real
279511,560,20714,1.0,0.0,0.45,0.0,1,Real
279530,560,21311,1.0,0.0,0.3870967741935484,1.0,1,Real
280293,564,18916,1.0,0.0,0.6794871794871795,19.97,1,Real
280741,568,12174,1.0,1.0,0.16483516483516486,38.56,1,Real
289225,576,1129,1.0,0.0,0.5625,48.31999999999999,1,Real
289250,576,5076,1.0,1.0,0.3548387096774194,9.299999999999985,1,Real
290203,578,19368,1.0,0.0,0.6086956521739131,0.0,1,Real
290257,578,21737,1.0,0.0,0.6176470588235294,61.2,1,Real
291198,580,15016,0.21739130434782608,1.0,0.75,21.82,1,Real
294116,585,966,1.0,1.0,0.68,11.890000000000004,1,Real
296119,589,20109,1.0,0.0,1.0,9.97,1,Real
296174,590,15496,1.0,1.0,0.5535714285714286,31.01,1,Real
296179,590,16954,1.0,0.0,0.38,5.319999999999993,1,Real
296673,592,5595,1.0,1.0,0.3793103448275862,1.6799999999999995,1,Real
300566,595,20844,1.0,0.0,0.4452554744525548,14.059999999999988,1,Real
300753,596,14870,0.21428571428571427,1.0,0.4761904761904762,7.490000000000002,1,Real
302443,598,22044,0.17857142857142858,1.0,0.4301075268817205,2.35,1,Real
302611,599,3627,1.0,0.0,0.5434782608695652,0.3500000000000014,1,Real
303376,600,557,1.0,1.0,0.75,11.12,1,Real
304066,601,12882,1.0,1.0,0.5930232558139535,2.890000000000004,1,Real
304712,604,21732,1.0,1.0,0.17045454545454544,8.91,1,Real
304886,605,15830,1.0,1.0,0.5294117647058824,12.47,1,Real
310454,612,8430,1.0,1.0,0.3882352941176471,2.2199999999999993,1,Real
312391,615,22046,0.4,1.0,0.42857142857142855,0.0,1,Real
312762,618,19541,1.0,0.0,0.6774193548387096,14.910000000000009,1,Real
317078,625,4040,1.0,1.0,0.2809917355371901,15.490000000000007,1,Real
321349,631,12818,0.3333333333333333,1.0,0.3157894736842105,21.809999999999995,1,Real
325494,638,15921,1.0,1.0,0.297029702970297,90.01999999999998,1,Real
326608,640,7372,0.0,0.0,0.8666666666666667,6.120000000000001,1,Real
330984,646,6761,1.0,0.08695652173913042,0.3763440860215054,28.55,1,Real
332026,649,4760,0.3333333333333333,1.0,0.4146341463414634,0.4799999999999969,1,Real
332320,650,1428,1.0,0.0,0.313953488372093,3.5999999999999983,1,Real
334459,653,6709,1.0,1.0,0.6785714285714286,4.369999999999999,1,Real
334481,653,7446,0.3333333333333333,0.0,0.4113475177304965,6.0,1,Real
335573,655,14490,1.0,1.0,0.32941176470588235,0.0,1,Real
336628,657,10559,1.0,0.0,0.4117647058823529,2.890000000000001,1,Real
338057,659,21943,1.0,1.0,0.6571428571428571,6.490000000000008,1,Real
338924,663,17259,0.2272727272727273,0.0,0.5662650602409639,17.300000000000004,1,Real
339145,664,7136,1.0,1.0,0.8571428571428571,51.20999999999998,1,Real
340413,667,12515,0.7058823529411765,1.0,0.1891891891891892,21.54000000000002,1,Real
342496,670,12491,1.0,0.6,0.4814814814814815,10.060000000000002,1,Real
347691,679,8963,1.0,1.0,0.4444444444444444,22.64,1,Real
348047,681,844,0.4117647058823529,1.0,0.35443037974683544,1.2799999999999976,1,Real
348348,682,20252,1.0,1.0,0.9565217391304348,45.44999999999999,1,Real
354972,693,18705,1.0,1.0,0.5294117647058824,0.870000000000001,1,Real
354981,694,105,1.0,1.0,0.3636363636363637,12.799999999999995,1,Real
355322,695,20007,1.0,1.0,0.5303030303030303,6.1699999999999955,1,Real
355375,696,12570,1.0,1.0,0.8571428571428571,0.0,1,Real
364776,705,18207,1.0,0.0,0.17073170731707318,0.0,1,Real
365499,706,12896,1.0,1.0,0.4117647058823529,21.370000000000005,1,Real
366400,710,1097,0.0,1.0,0.7049180327868853,2.130000000000001,1,Real
368674,712,7672,1.0,1.0,0.3,1.6099999999999994,1,Real
370626,715,16479,1.0,1.0,0.5522388059701493,4.8900000000000015,1,Real
371018,716,7851,0.2380952380952381,0.5,0.3762376237623761,39.1,1,Real
371990,718,20107,1.0,0.0,0.8684210526315791,118.47000000000004,1,Real
373066,721,13399,1.0,0.6153846153846154,1.0,3.01,1,Real
373870,723,12996,1.0,1.0,1.0,12.829999999999998,1,Real
374128,724,1690,1.0,0.6842105263157895,0.2558139534883721,0.14999999999999147,1,Real
374188,724,9676,1.0,1.0,0.3076923076923077,11.85,1,Real
374535,726,16278,0.0,0.0,0.5445544554455446,10.06,1,Real
382222,738,6760,1.0,1.0,0.6615384615384615,73.95000000000002,1,Real
387100,742,11538,1.0,1.0,0.5645161290322581,36.91,1,Real
391103,750,15431,1.0,1.0,0.2112676056338028,0.13000000000000256,1,Real
396770,760,8382,1.0,1.0,0.4310344827586207,0.8199999999999932,1,Real
400025,766,15416,1.0,1.0,0.7307692307692307,9.989999999999998,1,Real
401366,770,6363,1.0,1.0,0.3882352941176471,8.2,1,Real
402051,771,11224,1.0,1.0,0.3717948717948718,5.830000000000003,1,Real
402694,772,5518,0.4444444444444444,1.0,0.4324324324324325,0.0,1,Real
411175,782,17484,0.0,0.0,0.6504854368932039,17.060000000000002,1,Real
412344,785,12734,0.0,1.0,1.0,6.0,1,Real
412559,786,10846,0.045454545454545456,1.0,0.275,5.85,1,Real
418823,798,6509,1.0,0.0,0.4,1.0099999999999998,1,Real
422518,804,4122,1.0,1.0,0.5,4.8900000000000015,1,Real
423589,806,14295,1.0,1.0,0.43859649122807015,9.900000000000006,1,Real
426667,811,11429,1.0,0.5625,0.5795454545454546,1.6300000000000008,1,Real
426998,812,454,1.0,0.0,0.44,6.899999999999999,1,Real
430607,819,980,1.0,1.0,0.4390243902439024,8.219999999999999,1,Real
433146,821,6299,1.0,0.7826086956521741,0.3333333333333333,14.89,1,Real
436069,830,8898,1.0,0.5,0.4107142857142857,5.940000000000001,1,Real
437884,833,4598,1.0,1.0,0.4864864864864865,2.0100000000000016,1,Real
439626,837,8740,0.0,1.0,1.0,43.0,1,Real
440240,839,716,1.0,1.0,0.4821428571428572,4.430000000000003,1,Real
441412,842,7504,1.0,1.0,0.3809523809523809,25.31,1,Real
445333,849,603,1.0,1.0,0.7323943661971831,50.74,1,Real
445349,849,3154,1.0,0.0,0.5684210526315789,13.789999999999992,1,Real
445705,851,8444,1.0,1.0,0.2727272727272727,8.18,1,Real
451233,862,11943,0.21739130434782608,0.0,0.3372093023255814,73.21,1,Real
452893,865,11895,1.0,1.0,0.54,10.490000000000002,1,Real
457583,871,14931,1.0,1.0,0.0898876404494382,103.23999999999998,1,Real
458248,872,20289,1.0,1.0,0.5714285714285714,0.0,1,Real
458534,873,15269,1.0,1.0,0.6111111111111112,1.92,1,Real
463800,888,12784,1.0,0.0,0.448,157.01000000000022,1,Real
465084,893,21097,1.0,0.0,0.6507936507936508,1.8900000000000008,1,Real
465345,894,11621,1.0,1.0,0.46875,4.009999999999991,1,Real
472359,904,16990,1.0,1.0,0.7289719626168224,0.0,1,Real
473056,907,3470,1.0,1.0,0.5882352941176471,22.82,1,Real
474380,909,13024,1.0,1.0,0.5245901639344263,17.919999999999995,1,Real
480456,917,8911,1.0,1.0,0.6274509803921569,1.9499999999999995,1,Real
487894,926,21758,0.25,0.3157894736842105,1.0,29.89,1,Real
492777,935,13149,1.0,1.0,0.5340909090909091,2.0,1,Real
492944,936,14801,1.0,1.0,0.5833333333333334,1.62,1,Real
493161,939,15253,1.0,1.0,0.3972602739726027,0.0,1,Real
493341,940,3616,1.0,1.0,0.4352941176470588,4.1099999999999985,1,Real
494968,942,2806,1.0,1.0,0.8387096774193549,23.890000000000004,1,Real
495746,945,14178,1.0,1.0,0.7291666666666666,0.0,1,Real
496101,946,3104,1.0,1.0,0.29508196721311475,61.0,1,Real
497785,950,7347,1.0,1.0,0.6590909090909091,54.03999999999999,1,Real
498135,951,15943,1.0,1.0,0.4375,0.0,1,Real
499305,956,4703,1.0,0.4545454545454545,0.21621621621621626,5.85,1,Real
507651,971,6931,1.0,1.0,0.25396825396825395,7.9700000000000015,1,Real
509802,974,21569,1.0,1.0,0.7446808510638298,1.9899999999999984,1,Real
509861,975,19754,1.0,0.6666666666666666,0.2222222222222222,20.930000000000007,1,Real
510149,976,13423,1.0,1.0,0.5652173913043478,6.890000000000003,1,Real
513937,987,6670,1.0,1.0,0.7777777777777778,3.0700000000000003,1,Real
516446,992,12313,1.0,0.4,0.5432098765432098,49.11,1,Real
521067,998,4380,1.0,1.0,0.4403669724770641,119.0,1,Real
527330,1008,18143,1.0,0.0,0.3627450980392157,355.69000000000005,1,Real
532625,1015,7029,1.0,1.0,0.7608695652173914,11.829999999999998,1,Real
535142,1023,12117,1.0,1.0,0.4871794871794872,0.8599999999999994,1,Real
535845,1025,12675,1.0,1.0,0.5396825396825397,10.739999999999998,1,Real
537129,1030,16792,1.0,0.0,0.16049382716049382,44.83,1,Real
537702,1031,10556,1.0,0.5714285714285714,0.3898305084745763,7.549999999999998,1,Real
538691,1032,13439,1.0,1.0,0.3043478260869565,0.0,1,Real
539777,1037,10881,1.0,0.0,0.25,0.0,1,Real
539891,1038,12169,1.0,1.0,0.2346938775510204,0.0,1,Real
540140,1039,5011,1.0,0.0,0.16666666666666666,1.3300000000000018,1,Real
540564,1039,19036,1.0,1.0,0.3466666666666667,0.8800000000000026,1,Real
543488,1045,3010,1.0,1.0,0.5915492957746479,9.259999999999998,1,Real
556328,1064,3146,1.0,0.0,0.2857142857142857,59.61000000000002,1,Real
556742,1066,10601,1.0,1.0,0.2631578947368421,15.829999999999993,1,Real
557068,1067,8298,1.0,1.0,0.5476190476190477,0.009999999999999787,1,Real
559788,1071,18621,1.0,0.0,1.0,6.0,1,Real
560343,1074,2523,1.0,1.0,0.8333333333333334,43.83,1,Real
563309,1075,20741,1.0,1.0,0.5283018867924528,11.79,1,Real
564796,1078,11885,0.21739130434782608,0.0,0.8532110091743119,3.3400000000000034,1,Real
565600,1081,14455,1.0,1.0,0.6181818181818182,5.44,1,Real
565903,1082,21588,1.0,0.0,1.0,0.0,1,Real
567819,1091,16635,1.0,0.0,0.6486486486486487,24.83,1,Real
568662,1094,16870,1.0,0.0,0.4953271028037383,93.02999999999996,1,Real
575916,1103,7854,1.0,1.0,0.4328358208955224,6.8900000000000015,1,Real
576874,1108,12701,0.0,1.0,0.5921052631578947,7.8900000000000015,1,Real
577188,1109,10673,1.0,1.0,0.6756756756756757,22.520000000000003,1,Real
577243,1110,8092,1.0,0.4117647058823529,0.1891891891891892,49.95999999999998,1,Real
580338,1120,3472,1.0,1.0,0.7333333333333333,8.530000000000001,1,Real
582091,1122,14110,1.0,1.0,0.4736842105263158,0.5900000000000034,1,Real
584137,1125,15648,1.0,1.0,0.2,1.3200000000000005,1,Real
595355,1138,4430,0.7058823529411765,1.0,0.2095238095238096,0.01999999999999957,1,Real
595661,1139,9086,1.0,1.0,0.5882352941176471,18.74,1,Real
597434,1141,9098,1.0,1.0,0.5084745762711864,27.319999999999997,1,Real
597998,1142,9254,1.0,1.0,0.5340909090909091,11.990000000000002,1,Real
598938,1143,14278,1.0,1.0,0.2777777777777778,12.990000000000007,1,Real
599544,1146,2868,1.0,0.0,0.4824561403508772,15.950000000000005,1,Real
601494,1150,9482,1.0,1.0,0.47560975609756106,5.900000000000006,1,Real
602262,1152,18331,0.0,0.0,0.6213592233009708,34.18,1,Real
602540,1154,9238,0.0,0.0,0.4842105263157895,3.01,1,Real
604465,1156,14874,1.0,0.4,0.4313725490196079,7.289999999999992,1,Real
605421,1160,13110,1.0,1.0,0.25882352941176473,3.890000000000001,1,Real
606819,1166,3696,1.0,1.0,0.3787878787878788,3.9,1,Real
607221,1167,3904,1.0,0.0,0.21787709497206706,0.0,1,Real
614674,1176,19246,1.0,1.0,0.3389830508474576,2.459999999999999,1,Real
619156,1187,16093,1.0,1.0,0.2537313432835821,0.0,1,Real
626609,1194,5593,1.0,0.0,0.4761904761904762,2.93,1,Real
629222,1198,4815,1.0,1.0,0.6857142857142857,0.5700000000000003,1,Real
632331,1209,3255,1.0,1.0,1.0,1.2099999999999989,1,Real
632367,1209,16936,1.0,0.0,1.0,1.1199999999999992,1,Real
632891,1210,9718,1.0,1.0,0.4842105263157895,1.9899999999999949,1,Real
633373,1211,1325,1.0,1.0,0.5434782608695652,22.89,1,Real
636511,1218,5250,1.0,0.4166666666666667,0.5227272727272727,0.0,1,Real
637636,1219,5268,1.0,1.0,1.0,2.18,1,Real
638532,1220,14407,1.0,1.0,0.27,1.3299999999999843,1,Real
644168,1225,8071,1.0,1.0,0.5185185185185185,8.219999999999999,1,Real
650917,1230,5843,1.0,0.0,1.0,7.0,1,Real
651355,1231,4668,1.0,1.0,0.4516129032258064,6.629999999999999,1,Real
653476,1234,18429,1.0,0.13636363636363635,0.6222222222222222,22.41,1,Real
653741,1237,7616,0.2777777777777778,0.0,0.4117647058823529,15.039999999999992,1,Real
653994,1238,6975,1.0,1.0,0.6666666666666666,34.53999999999999,1,Real
655036,1243,2466,1.0,1.0,0.7407407407407407,3.83,1,Real
658405,1245,10289,1.0,0.4615384615384616,0.6470588235294118,6.790000000000001,1,Real
660385,1247,21595,0.2380952380952381,1.0,0.53125,2.889999999999999,1,Real
661051,1249,16299,0.0,0.0,0.7142857142857143,16.060000000000002,1,Real
664525,1252,2074,0.3333333333333333,1.0,0.30303030303030304,1.8500000000000012,1,Real
666920,1262,8267,1.0,1.0,0.2777777777777778,0.6599999999999984,1,Real
667066,1264,22052,1.0,1.0,0.40540540540540543,4.369999999999997,1,Real
671378,1278,1881,1.0,1.0,0.17567567567567569,1.9499999999999889,1,Real
672227,1281,7638,1.0,0.0,0.8148148148148148,3.2899999999999987,1,Real
672410,1281,17950,1.0,0.0,0.5882352941176471,13.060000000000002,1,Real
672862,1283,1241,1.0,1.0,1.0,5.200000000000003,1,Real
673785,1287,16536,1.0,0.0,0.5339805825242718,60.0,1,Real
675567,1292,17830,1.0,0.0,0.6388888888888888,60.88000000000001,1,Real
676014,1293,18603,0.3076923076923077,0.0,0.3813559322033898,22.4,1,Real
682225,1299,8456,1.0,1.0,0.5818181818181818,3.34,1,Real
682775,1300,14224,1.0,0.4615384615384616,0.43333333333333335,13.010000000000002,1,Real
682820,1300,15463,1.0,1.0,0.3923076923076923,8.0,1,Real
682976,1302,6495,1.0,1.0,0.6086956521739131,5.53,1,Real
688607,1312,14761,1.0,1.0,0.36893203883495146,13.420000000000002,1,Real
693087,1316,7784,0.0,0.0,0.4631578947368421,111.84999999999997,1,Real
693177,1316,21113,1.0,1.0,0.6363636363636364,105.11,1,Real
693264,1317,4507,1.0,0.0,0.4358974358974359,4.0,1,Real
693555,1318,20507,1.0,0.0,0.4426229508196721,28.039999999999992,1,Real
694334,1321,885,1.0,1.0,0.4128440366972477,10.580000000000002,1,Real
696135,1325,913,1.0,1.0,0.5396825396825397,0.3299999999999983,1,Real
696315,1326,10508,1.0,0.5833333333333334,0.3217391304347826,48.25,1,Real
705446,1346,14258,1.0,0.0,0.6829268292682927,0.6500000000000004,1,Real
705524,1346,20146,1.0,0.0,1.0,1.92,1,Real
705634,1348,12432,1.0,1.0,0.18478260869565216,5.7600000000000025,1,Real
706968,1350,4660,0.45,0.6666666666666666,0.8,17.829999999999988,1,Real
713674,1356,560,0.7058823529411765,1.0,0.62,4.850000000000001,1,Real
713804,1357,11270,1.0,1.0,0.2608695652173913,35.99000000000001,1,Real
716139,1360,1904,1.0,1.0,0.6491228070175439,0.0,1,Real
717489,1361,995,1.0,1.0,0.3508771929824561,15.790000000000004,1,Real
725952,1366,18373,1.0,0.0,1.0,0.0,1,Real
727399,1370,14865,1.0,1.0,0.3296703296703297,3.850000000000009,1,Real
727565,1371,5173,1.0,1.0,0.4545454545454545,9.89,1,Real
731468,1381,20891,1.0,1.0,0.2857142857142857,20.999999999999996,1,Real
738448,1392,2977,1.0,1.0,0.7857142857142857,0.0,1,Real
738700,1395,19581,1.0,0.16666666666666666,0.4444444444444444,5.0600000000000005,1,Real
739262,1397,2439,0.5,1.0,0.1125,38.74000000000001,1,Real
740790,1399,4587,1.0,0.4444444444444444,0.7450980392156863,10.22,1,Real
741925,1403,20184,1.0,1.0,0.3055555555555556,6.830000000000003,1,Real
743249,1406,14895,1.0,1.0,0.36585365853658536,215.01,1,Real
747110,1413,16819,1.0,0.0,0.4649122807017544,18.12,1,Real
748010,1414,2789,1.0,1.0,0.8253968253968254,7.93,1,Real
754032,1419,14716,1.0,1.0,0.35064935064935066,201.09000000000003,1,Real
755723,1424,9728,1.0,0.6666666666666666,0.3928571428571429,0.8300000000000001,1,Real
756071,1425,8193,1.0,0.2083333333333333,0.8840579710144928,19.83,1,Real
756994,1427,10693,0.29411764705882354,0.0,0.8865979381443299,0.0,1,Real
762331,1433,6231,1.0,1.0,0.1605839416058394,7.439999999999999,1,Real
767125,1436,7325,0.5,1.0,0.27631578947368424,1.6199999999999974,1,Real
767799,1438,11705,1.0,1.0,0.5098039215686274,0.0,1,Real
768473,1440,1637,1.0,0.5,0.19718309859154928,12.860000000000017,1,Real
773018,1452,4720,1.0,1.0,0.5428571428571428,2.1099999999999994,1,Real
775334,1457,18232,1.0,0.0,0.3277310924369748,27.62,1,Real
780307,1461,14499,0.6785714285714286,1.0,0.3684210526315789,1.2699999999999996,1,Real
780375,1462,3781,1.0,0.0,0.2846153846153846,70.92000000000002,1,Real
783315,1467,11642,1.0,0.0,0.5727272727272728,12.590000000000005,1,Real
783419,1467,13593,1.0,0.0,0.4921875,12.610000000000005,1,Real
783530,1467,15576,1.0,0.0,0.5943396226415094,12.590000000000005,1,Real
783788,1468,16060,1.0,0.5,0.3253012048192771,13.000000000000005,1,Real
786899,1474,3249,1.0,0.0,1.0,13.62,1,Real
786900,1474,3251,1.0,1.0,1.0,0.11999999999999922,1,Real
787411,1476,12655,1.0,1.0,0.676056338028169,46.89,1,Real
787518,1477,11084,1.0,1.0,0.7333333333333333,0.0,1,Real
787569,1478,2433,1.0,1.0,0.6052631578947368,4.0,1,Real
787651,1479,1767,1.0,0.0,0.4266666666666667,23.960000000000008,1,Real
788633,1482,4163,1.0,0.0,0.5,28.00999999999999,1,Real
789252,1483,8567,1.0,0.21052631578947367,0.21100917431192664,17.72,1,Real
790132,1485,15559,1.0,1.0,0.625,12.979999999999995,1,Real
790170,1486,1376,1.0,1.0,0.6808510638297872,4.16,1,Real
797642,1507,16667,1.0,0.0,0.5116279069767442,10.06,1,Real
798467,1509,19515,1.0,1.0,0.6923076923076923,1.9800000000000004,1,Real
807947,1523,21030,1.0,0.0,0.3960396039603961,9.14,1,Real
808993,1529,812,1.0,0.0,0.4747474747474748,19.000000000000004,1,Real
809470,1530,1442,1.0,0.0,0.5517241379310345,0.0,1,Real
812519,1535,1091,0.0,1.0,0.6190476190476191,9.599999999999998,1,Real
813074,1536,19000,0.3684210526315789,0.0,0.5652173913043478,15.410000000000005,1,Real
821644,1543,10128,1.0,1.0,0.6666666666666666,8.59,1,Real
821986,1546,21375,1.0,0.1153846153846154,0.7027027027027027,8.54,1,Real
822511,1549,9246,0.5294117647058824,0.6153846153846154,0.34234234234234234,32.15000000000001,1,Real
824737,1553,9157,1.0,1.0,0.8461538461538461,7.469999999999999,1,Real
827411,1559,12853,1.0,0.0,0.3877551020408163,7.7500000000000036,1,Real
827483,1560,14554,1.0,0.0,0.3838383838383838,19.09,1,Real
828345,1564,431,1.0,1.0,0.33613445378151263,2.0100000000000047,1,Real
828791,1565,6915,1.0,1.0,0.7014925373134329,4.120000000000001,1,Real
834870,1574,5416,1.0,1.0,0.6296296296296297,3.39,1,Real
841815,1580,11461,1.0,1.0,0.4459459459459459,30.00999999999999,1,Real
846051,1590,2646,1.0,1.0,0.6285714285714286,2.8500000000000014,1,Real
850079,1593,16659,1.0,0.0,0.6428571428571429,0.9500000000000012,1,Real
853258,1596,13391,1.0,0.0,0.6,0.0,1,Real
857062,1603,19808,0.2777777777777778,0.0,0.4673913043478261,4.449999999999996,1,Real
858273,1607,18688,1.0,0.0,0.3595505617977528,163.60000000000005,1,Real
858374,1608,13173,1.0,0.0,0.4736842105263158,4.82,1,Real
859173,1610,2510,0.4705882352941176,1.0,0.3902439024390244,6.480000000000004,1,Real
859253,1611,10451,0.0,0.0,1.0,3.729999999999999,1,Real
860556,1615,11351,1.0,1.0,0.4307692307692308,5.8900000000000015,1,Real
862962,1618,2749,1.0,0.0,0.2987012987012987,0.0,1,Real
863101,1619,6365,0.0,0.0,0.5,9.939999999999998,1,Real
864278,1624,6593,1.0,1.0,0.3103448275862069,18.0,1,Real
865934,1627,13620,1.0,1.0,0.4657534246575342,20.739999999999995,1,Real
868210,1633,20071,1.0,0.0,0.5,5.19,1,Real
871761,1641,9565,1.0,1.0,0.58,8.2,1,Real
871994,1642,11045,0.3181818181818182,0.0,0.4875,16.89,1,Real
872268,1644,2780,1.0,1.0,0.2553191489361702,0.05000000000000071,1,Real
874257,1652,13805,1.0,0.0,0.28703703703703703,3.95,1,Real
874726,1653,14385,1.0,1.0,0.3935483870967742,289.9,1,Real
874965,1654,1650,1.0,1.0,0.4871794871794872,3.1099999999999977,1,Real
879828,1661,11173,1.0,1.0,0.3076923076923077,5.67,1,Real
882075,1667,6195,1.0,1.0,0.40625,40.89,1,Real
884209,1672,20795,1.0,1.0,0.38028169014084506,29.01,1,Real
884677,1673,9028,1.0,0.3333333333333333,0.3333333333333333,3.51,1,Real
889292,1682,13298,1.0,0.42857142857142855,0.21495327102803727,0.269999999999996,1,Real
895521,1695,11027,0.0,1.0,0.4428571428571429,11.269999999999996,1,Real
895815,1696,17275,0.0,0.0,0.6454545454545455,29.82,1,Real
896347,1698,16579,0.0,0.0,0.4715447154471545,15.46,1,Real
900562,1706,14646,0.0,1.0,1.0,37.0,1,Real
901222,1709,16227,0.0,0.0,0.5544554455445545,34.06,1,Real
904335,1716,20592,0.0,0.0,0.3428571428571429,8.0,1,Real
905389,1719,12857,0.0,0.0,0.2185430463576159,37.5,1,Real
907735,1728,14919,1.0,0.0,0.6666666666666666,9.340000000000003,1,Real
908048,1729,12126,1.0,1.0,0.5645161290322581,0.7000000000000011,1,Real
910642,1734,21813,1.0,0.0,0.3928571428571429,0.0,1,Real
915228,1743,15528,1.0,1.0,0.7179487179487181,0.0,1,Real
916202,1752,20118,1.0,1.0,0.3703703703703704,0.31999999999999984,1,Real
916483,1754,16221,0.0,0.0,0.4141414141414141,14.23,1,Real
918297,1759,9790,1.0,0.0,0.5945945945945946,1.93,1,Real
918319,1759,13846,1.0,1.0,0.4888888888888889,6.93,1,Real
922357,1762,4577,1.0,0.4444444444444444,0.7614678899082569,7.360000000000013,1,Real
926638,1767,5889,0.2352941176470588,0.0,0.15,0.6200000000000001,1,Real
927638,1770,5883,1.0,0.3,0.21739130434782608,0.060000000000002274,1,Real
929396,1773,2223,0.25,0.3157894736842105,0.18269230769230768,49.71,1,Real
929731,1775,18403,1.0,0.0,0.6489361702127661,32.03,1,Real
930834,1777,13180,1.0,0.0,0.4852941176470588,58.03,1,Real
930842,1777,15490,1.0,1.0,0.5892857142857143,0.7400000000000021,1,Real
930847,1777,16438,1.0,0.0,0.3563218390804598,18.37,1,Real
930928,1778,3751,1.0,1.0,0.4,1.970000000000006,1,Real
931948,1785,11404,1.0,0.0,0.6,0.0,1,Real
932353,1790,11779,0.5517241379310345,1.0,0.6060606060606061,29.96,1,Real
932386,1791,19801,0.0,0.0,0.5849056603773585,1.1999999999999993,1,Real
932683,1793,8495,1.0,1.0,0.4588235294117647,0.23000000000000045,1,Real
935809,1804,6873,1.0,1.0,0.4307692307692308,3.8299999999999983,1,Real
939038,1814,3254,1.0,0.0,1.0,13.12,1,Real
944076,1822,10712,1.0,1.0,0.3333333333333333,2.0100000000000016,1,Real
946855,1830,19354,1.0,1.0,0.373134328358209,30.97999999999999,1,Real
948053,1833,433,1.0,1.0,0.8260869565217391,0.0,1,Real
948230,1833,13397,1.0,0.0,0.6458333333333334,3.0700000000000003,1,Real
948396,1834,9343,1.0,1.0,0.7352941176470589,0.23000000000000045,1,Real
950785,1838,13678,1.0,1.0,0.5306122448979592,10.24,1,Real
952067,1842,18624,1.0,0.5882352941176471,0.7246376811594203,4.8900000000000015,1,Real
953719,1844,4901,1.0,0.07692307692307693,0.3728813559322034,9.880000000000004,1,Real
955782,1847,15548,1.0,0.0,0.2519685039370079,7.0,1,Real
956536,1851,17489,1.0,0.0,0.4743589743589744,43.2,1,Real
956656,1852,13349,0.5,0.6666666666666666,0.7468354430379747,4.3900000000000015,1,Real
958509,1856,12475,1.0,0.0,0.25,0.0,1,Real
959363,1861,5561,1.0,0.0,1.0,6.0,1,Real
960494,1862,18358,1.0,0.0,0.4742268041237113,19.1,1,Real
961173,1863,15435,1.0,1.0,0.26229508196721313,9.39,1,Real
962346,1864,21326,0.3333333333333333,1.0,0.6582278481012658,5.8900000000000015,1,Real
963495,1869,4495,1.0,1.0,0.6347826086956522,47.3,1,Real
967917,1876,9387,0.5,1.0,0.4545454545454545,5.379999999999999,1,Real
968148,1878,2928,1.0,1.0,0.2773109243697479,0.0,1,Real
970254,1884,19124,1.0,1.0,0.6071428571428571,1.6599999999999984,1,Real
971885,1889,6730,1.0,1.0,0.8333333333333334,3.649999999999999,1,Real
974804,1892,15305,1.0,1.0,0.7563025210084033,4.099999999999993,1,Real
978884,1900,5459,1.0,1.0,0.37662337662337664,8.27000000000001,1,Real
979666,1902,10883,0.42857142857142855,1.0,0.7872340425531915,0.0,1,Real
980202,1904,10675,1.0,1.0,0.6271186440677966,0.0,1,Real
980524,1905,15685,1.0,0.0,0.42,18.119999999999987,1,Real
980702,1906,7801,0.15,0.75,0.5591397849462365,165.0,1,Real
982492,1908,10482,1.0,1.0,1.0,29.849999999999994,1,Real
982911,1909,20112,1.0,1.0,0.6395348837209303,152.57999999999996,1,Real
983041,1910,11285,1.0,1.0,0.2371134020618557,0.0,1,Real
994855,1928,19027,1.0,1.0,0.3484848484848485,9.490000000000009,1,Real
994998,1929,13790,1.0,1.0,0.14285714285714285,5.8900000000000015,1,Real
996509,1931,15376,1.0,1.0,0.5294117647058824,17.529999999999994,1,Real
997004,1932,11215,1.0,1.0,0.4673913043478261,17.64,1,Real
997523,1933,9017,1.0,0.5,0.4615384615384616,2.4699999999999993,1,Real
997538,1933,9096,1.0,1.0,0.5254237288135594,0.2200000000000024,1,Real
998525,1935,9579,1.0,0.0,0.5294117647058824,24.159999999999968,1,Real
1000899,1938,8501,1.0,1.0,0.3763440860215054,3.240000000000002,1,Real
1001281,1939,19139,1.0,1.0,0.14942528735632185,1.5100000000000051,1,Real
1001561,1940,20178,1.0,1.0,0.2857142857142857,18.250000000000004,1,Real
1002051,1944,15781,1.0,1.0,0.3725490196078432,39.8,1,Real
1002113,1945,829,1.0,0.0,0.5342465753424658,56.31,1,Real
1003494,1947,1316,1.0,1.0,0.6086956521739131,15.0,1,Real
1006586,1953,1770,1.0,1.0,0.7307692307692307,0.0,1,Real
1007054,1954,11439,1.0,1.0,0.686046511627907,7.759999999999998,1,Real
1011453,1958,17571,1.0,0.0,0.40625,7.85,1,Real
1013733,1965,14804,0.045454545454545456,1.0,0.8,22.28,1,Real
1014126,1967,657,1.0,1.0,0.5362318840579711,4.0200000000000005,1,Real
1016112,1969,10525,0.21739130434782608,0.0,0.2,34.219999999999985,1,Real
1016239,1969,21512,0.21739130434782608,0.0,0.3178294573643411,3.8400000000000034,1,Real
1016772,1973,3591,1.0,1.0,0.4,19.29,1,Real
1016775,1973,3594,1.0,0.2380952380952381,0.8,20.44,1,Real
1017132,1974,3156,1.0,1.0,0.5,0.2699999999999818,1,Real
1017977,1976,8181,1.0,1.0,0.6949152542372882,5.33,1,Real
1018242,1977,12094,1.0,1.0,0.36893203883495146,270.54,1,Real
1020659,1981,1503,1.0,1.0,0.2933333333333333,0.0,1,Real
1020768,1981,4279,1.0,0.0,0.5689655172413793,5.07,1,Real
1023099,1985,1121,1.0,1.0,0.5873015873015873,0.8300000000000001,1,Real
1023522,1987,6414,1.0,0.0,0.3809523809523809,2.8199999999999936,1,Real
1023826,1988,10906,1.0,1.0,0.4594594594594595,1.240000000000002,1,Real
1023976,1988,16253,1.0,0.0,0.6962025316455697,5.120000000000001,1,Real
1024075,1989,2477,0.35,0.0,0.4205607476635514,5.989999999999995,1,Real
1024115,1989,9475,0.35,0.0,0.9634146341463414,29.959999999999994,1,Real
1025800,1993,1275,1.0,1.0,0.5915492957746479,1.2200000000000006,1,Real
1029468,2000,20190,1.0,1.0,0.4615384615384616,5.0299999999999985,1,Real
1029542,2001,14203,1.0,0.35,0.5555555555555556,1.99,1,Real
1034088,2007,13922,1.0,1.0,0.676923076923077,2.0100000000000016,1,Real
1034861,2008,20462,1.0,1.0,0.3786407766990291,39.01000000000001,1,Real
1037658,2015,11741,0.0,0.0,0.31683168316831684,27.929999999999996,1,Real
1038813,2017,12007,1.0,1.0,0.3137254901960784,1.0,1,Real
1040000,2019,5208,1.0,1.0,0.72,0.9900000000000002,1,Real
1040107,2019,11228,1.0,0.3333333333333333,0.5,64.00999999999999,1,Real
1040352,2020,16544,1.0,0.0,0.4545454545454545,150.0,1,Real
1042102,2025,18711,1.0,0.0,0.4864864864864865,0.9299999999999996,1,Real
1042138,2026,2699,1.0,0.75,0.12962962962962962,21.03000000000003,1,Real
1042516,2027,3204,1.0,0.0,0.2079207920792079,10.0,1,Real
1043648,2027,18649,1.0,1.0,0.205607476635514,24.05,1,Real
1044065,2029,12892,1.0,0.0,0.8292682926829268,2.009999999999998,1,Real
1044368,2031,13168,1.0,0.0,0.640625,3.890000000000001,1,Real
1044880,2032,9534,1.0,1.0,0.2463768115942029,4.65,1,Real
1047458,2038,8520,1.0,0.7619047619047619,0.5630252100840336,24.84,1,Real
1048602,2038,21544,1.0,1.0,1.0,34.82999999999999,1,Real
1048761,2040,7444,1.0,1.0,0.43478260869565216,5.610000000000007,1,Real
1049139,2041,9551,0.0,1.0,0.31868131868131866,1.6000000000000014,1,Real
1055076,2048,8525,1.0,1.0,0.33043478260869563,31.32,1,Real
1056420,2051,21913,0.4117647058823529,1.0,0.4683544303797468,3.389999999999999,1,Real
1057009,2053,6287,1.0,0.0,1.0,11.0,1,Real
1058921,2057,3068,1.0,0.06382978723404255,0.4137931034482759,6.079999999999997,1,Real
1060851,2060,5735,1.0,1.0,0.3157894736842105,0.0,1,Real
1061151,2062,353,1.0,0.0,0.5294117647058824,15.72999999999999,1,Real
1066624,2070,21449,1.0,0.0,0.5853658536585366,1.9800000000000004,1,Real
1067309,2072,8815,0.3333333333333333,1.0,0.6419753086419753,1.58,1,Real
1068601,2074,15480,0.4444444444444444,1.0,0.3188405797101449,5.1400000000000015,1,Real
1068741,2075,17804,1.0,0.0,0.3505154639175257,58.0,1,Real
1069379,2077,18298,1.0,0.0,0.5287356321839081,12.85,1,Real
1076343,2084,14540,1.0,1.0,0.6593406593406593,6.58,1,Real
1078695,2088,11144,1.0,1.0,0.78125,35.129999999999995,1,Real
1079097,2089,17264,1.0,0.0,0.6376811594202898,1.0199999999999996,1,Real
1079163,2089,22026,1.0,0.26666666666666666,0.6363636363636364,0.41000000000000014,1,Real
1079217,2090,7049,1.0,1.0,0.3714285714285713,13.629999999999995,1,Real
1082708,2094,11401,1.0,0.0,0.16101694915254236,23.97,1,Real
1082762,2094,16312,1.0,1.0,0.4736842105263158,0.10999999999999943,1,Real
1083273,2095,15248,1.0,0.0,1.0,0.0,1,Real
1084286,2098,21458,1.0,0.2631578947368421,0.30666666666666664,1.5500000000000007,1,Real
1084460,2100,12942,1.0,1.0,0.2469135802469136,0.8500000000000014,1,Real
1084873,2101,20732,1.0,1.0,0.5833333333333334,8.260000000000002,1,Real
1086149,2104,2964,1.0,0.5,0.859375,2.5500000000000007,1,Real
1087579,2107,1254,0.030303030303030307,1.0,0.6301369863013698,1.9799999999999895,1,Real
1089307,2108,8359,1.0,0.0,0.66,32.82,1,Real
1089840,2112,3378,1.0,0.0,0.1717171717171717,2.3300000000000023,1,Real
1093990,2117,14496,1.0,0.0,0.2676056338028169,5.569999999999999,1,Real
1095075,2119,20622,1.0,1.0,0.32222222222222224,0.0,1,Real
1095226,2120,20315,1.0,0.375,0.6451612903225806,1.6999999999999886,1,Real
1096879,2122,4433,0.7058823529411765,0.03571428571428571,0.4743589743589744,1.259999999999998,1,Real
1098708,2125,11565,1.0,1.0,0.2661290322580645,5.0,1,Real
1099065,2126,16073,1.0,1.0,0.24285714285714285,17.630000000000006,1,Real
1105126,2133,7359,0.3125,1.0,0.5432098765432098,2.6699999999999977,1,Real
1106545,2134,8991,1.0,0.0,0.4225352112676056,6.839999999999996,1,Real
1106606,2134,10435,1.0,1.0,0.17073170731707318,17.890000000000004,1,Real
1107630,2137,19007,1.0,0.0,0.3924050632911392,22.99000000000001,1,Real
1108324,2140,102,1.0,1.0,0.4583333333333333,1.9499999999999995,1,Real
1109323,2142,11049,0.3181818181818182,1.0,0.7397260273972602,10.89,1,Real
1110094,2143,5921,1.0,1.0,0.3115942028985507,175.0,1,Real
1110843,2143,13935,1.0,0.0,0.23026315789473684,170.0,1,Real
1115222,2151,21344,0.5294117647058824,1.0,0.1625,0.0,1,Real
1115303,2152,7339,1.0,1.0,0.3626373626373626,3.120000000000001,1,Real
1116442,2155,11212,1.0,1.0,0.625,31.539999999999992,1,Real
1118414,2157,14546,1.0,1.0,0.5476190476190477,3.41,1,Real
1119623,2159,9027,1.0,0.3333333333333333,0.3863636363636364,3.3200000000000003,1,Real
1123703,2164,8470,1.0,1.0,0.4782608695652174,0.18999999999999773,1,Real
1124713,2166,21077,1.0,0.0,0.4444444444444444,6.060000000000002,1,Real
1128076,2180,18388,1.0,0.0,0.6455696202531646,10.81,1,Real
1129002,2184,10974,1.0,0.2222222222222222,0.23943661971830985,623.22,1,Real
1131291,2187,13584,1.0,1.0,0.8166666666666667,0.1899999999999995,1,Real
1131718,2189,2672,1.0,1.0,0.4018691588785047,9.860000000000014,1,Real
1133012,2192,16174,1.0,0.0,1.0,0.0,1,Real
1133293,2193,3145,1.0,0.038461538461538464,1.0,2.1599999999999966,1,Real
1134285,2194,5683,1.0,1.0,0.2894736842105263,36.920000000000016,1,Real
1134287,2194,9731,1.0,1.0,0.4772727272727273,63.18000000000001,1,Real
1134331,2195,5102,1.0,1.0,0.27631578947368424,0.0,1,Real
1134408,2195,18385,1.0,0.0,0.3106796116504854,37.16,1,Real
1135984,2200,20396,1.0,0.0,0.6271186440677966,1.509999999999998,1,Real
1136432,2202,17199,1.0,0.0,0.4125,1.85,1,Real
1142779,2212,4647,1.0,1.0,0.6304347826086957,4.669999999999998,1,Real
1143358,2214,21799,1.0,1.0,0.5319148936170213,6.0,1,Real
1143779,2217,17495,1.0,0.0,0.4246575342465753,303.29000000000013,1,Real
1143833,2217,20676,1.0,0.0,0.6612903225806451,46.66999999999999,1,Real
1144054,2218,19468,1.0,1.0,0.2258064516129032,6.800000000000002,1,Real
1145371,2222,11341,0.3333333333333333,1.0,0.9285714285714286,3.640000000000001,1,Real
1147623,2227,8671,1.0,1.0,0.1590909090909091,10.960000000000008,1,Real
1149103,2230,14756,1.0,0.2380952380952381,0.4545454545454545,10.629999999999997,1,Real
1149442,2231,12950,1.0,0.4166666666666667,0.2258064516129032,47.99000000000001,1,Real
1149587,2232,17840,0.0,0.0,0.5074626865671642,5.309999999999999,1,Real
1152586,2237,1663,1.0,0.0,0.4184397163120567,15.990000000000002,1,Real
1154467,2240,327,1.0,0.0,0.35,419.79,1,Real
1156448,2245,595,0.2727272727272727,1.0,0.4415584415584416,3.1299999999999955,1,Real
1158062,2249,8369,1.0,1.0,0.6346153846153846,2.730000000000004,1,Real
1159704,2253,16784,1.0,0.0,0.5121951219512195,8.16,1,Real
1160002,2254,11266,1.0,1.0,0.6818181818181818,9.829999999999998,1,Real
1161472,2256,14016,1.0,1.0,0.6513761467889908,0.0,1,Real
1163585,2260,14835,1.0,1.0,0.4137931034482759,14.889999999999993,1,Real
1166170,2265,19008,0.5294117647058824,1.0,0.8666666666666667,6.1200000000000045,1,Real
1166468,2266,18699,1.0,1.0,0.7804878048780488,4.739999999999998,1,Real
1166629,2268,2528,0.7058823529411765,1.0,0.4133333333333333,3.7600000000000047,1,Real
1168344,2275,357,1.0,1.0,0.14285714285714285,6.8900000000000015,1,Real
1168578,2276,19663,1.0,1.0,0.5483870967741935,19.55,1,Real
1175263,2294,6549,1.0,0.4545454545454545,0.3831168831168831,1.8700000000000043,1,Real
1178467,2297,12893,0.3333333333333333,1.0,0.7540983606557377,6.3900000000000015,1,Real
1188302,2306,10516,1.0,0.4545454545454545,0.5360824742268041,14.739999999999995,1,Real
1192117,2316,9549,1.0,0.0,0.33962264150943394,1.0600000000000005,1,Real
1192911,2318,15826,1.0,0.0,0.5087719298245614,43.01000000000001,1,Real
1194736,2325,20694,0.05555555555555555,1.0,0.21052631578947367,4.149999999999992,1,Real
1196396,2327,1682,1.0,1.0,0.3375,18.370000000000005,1,Real
1196513,2327,19269,1.0,0.0,0.6428571428571429,4.869999999999997,1,Real
1196608,2328,8545,0.2777777777777778,1.0,1.0,5.380000000000001,1,Real
1196824,2330,14074,1.0,1.0,0.23,19.98999999999998,1,Real
1198757,2333,18201,1.0,0.0,0.6853932584269663,367.0,1,Real
1199974,2335,10109,1.0,1.0,0.313953488372093,12.189999999999998,1,Real
1200135,2336,8280,1.0,1.0,0.3625,3.0599999999999987,1,Real
1201868,2341,3759,1.0,1.0,0.4086021505376344,139.83000000000004,1,Real
1202433,2342,7894,0.21739130434782608,0.9285714285714286,0.6486486486486487,2.890000000000001,1,Real
1202547,2343,639,1.0,0.0,0.7846153846153846,101.05,1,Real
1204110,2345,4985,1.0,0.05128205128205128,0.4090909090909091,22.00999999999999,1,Real
1204149,2345,6971,1.0,0.0,1.0,33.0,1,Real
1204399,2345,14945,1.0,0.05128205128205128,0.375,11.009999999999993,1,Real
1206099,2350,18167,1.0,1.0,0.45,11.89,1,Real
1207913,2357,5528,1.0,1.0,0.7777777777777778,3.9299999999999926,1,Real
1213335,2365,17916,0.2272727272727273,0.0,0.711340206185567,7.42,1,Real
1213818,2366,8619,1.0,1.0,0.4827586206896552,0.0,1,Real
1214241,2369,15352,1.0,1.0,0.464,3.519999999999996,1,Real
1216547,2370,20053,1.0,1.0,0.19444444444444445,6.400000000000002,1,Real
1224296,2382,3483,1.0,1.0,0.4857142857142857,15.379999999999995,1,Real
1229120,2393,15894,1.0,1.0,0.3717948717948718,1.6400000000000006,1,Real
1230615,2395,13252,1.0,1.0,0.6448598130841121,17.980000000000004,1,Real
1232254,2397,18102,1.0,0.0,0.5688073394495413,73.03,1,Real
1237772,2406,8669,1.0,1.0,0.6166666666666667,29.849999999999994,1,Real
1238133,2406,18333,1.0,0.0,0.08421052631578947,577.61,1,Real
1239356,2408,12312,1.0,1.0,0.6590909090909091,5.959999999999999,1,Real
1240010,2409,5519,1.0,1.0,0.28125,1.9300000000000008,1,Real
1242240,2413,7234,1.0,0.0,0.7818181818181819,151.51000000000005,1,Real
1243865,2417,5900,0.0,0.05555555555555555,0.3404255319148936,0.0,1,Real
1246536,2419,7680,0.6428571428571429,0.7272727272727273,0.2558139534883721,0.41000000000000014,1,Real
1247980,2423,8664,1.0,1.0,0.5903614457831325,7.010000000000005,1,Real
1251039,2428,1157,1.0,1.0,0.2338709677419355,25.569999999999997,1,Real
1256337,2436,20420,1.0,1.0,0.4761904761904762,3.83,1,Real
1267484,2460,7487,1.0,1.0,0.2,2.01,1,Real
1268023,2462,13244,0.0,0.0,0.5581395348837209,0.870000000000001,1,Real
1268171,2463,8176,1.0,0.0,0.9433962264150944,183.05,1,Real
1270523,2469,16833,1.0,0.0,0.3545454545454545,21.580000000000005,1,Real
1271821,2472,19284,1.0,1.0,1.0,2127.0,1,Real
1273430,2475,14438,0.7058823529411765,1.0,0.3783783783783784,2.3299999999999983,1,Real
1274039,2477,6956,1.0,1.0,0.5483870967741935,12.489999999999998,1,Real
1274549,2478,4885,1.0,0.0,0.7391304347826086,4.6099999999999985,1,Real
1274846,2480,10670,1.0,1.0,0.6333333333333333,3.43,1,Real
1278089,2483,19120,1.0,0.0,0.18666666666666668,169.02000000000004,1,Real
1278756,2486,8096,1.0,1.0,0.2826086956521739,5.760000000000005,1,Real
1279219,2489,5636,1.0,1.0,0.5526315789473685,6.090000000000002,1,Real
1281377,2497,12025,1.0,0.0,0.3424657534246575,7.0900000000000025,1,Real
1281969,2498,19526,1.0,0.0,0.3709677419354839,90.15,1,Real
1282240,2502,4363,1.0,1.0,0.375,3.619999999999997,1,Real
1284267,2503,16033,0.2,0.0,0.671875,95.18,1,Real
1287001,2508,5039,0.0,1.0,0.625,9.73,1,Real
1288136,2509,11583,1.0,0.0,0.5121951219512195,2.0100000000000047,1,Real
1291769,2511,11626,1.0,1.0,0.5,0.4900000000000002,1,Real
1292667,2514,20427,1.0,0.42857142857142855,0.6842105263157895,8.0,1,Real
1293317,2516,4425,1.0,0.5217391304347826,0.4056603773584906,83.13,1,Real
1295886,2523,3325,1.0,1.0,0.35185185185185186,0.15000000000000036,1,Real
1296181,2524,10366,1.0,1.0,0.618421052631579,0.25,1,Real
1297742,2528,13283,1.0,1.0,0.4473684210526316,0.08999999999999986,1,Real
1300321,2532,19977,0.45,1.0,0.8289473684210527,9.72,1,Real
1303033,2537,12334,0.3333333333333333,0.0,0.7450980392156863,0.0,1,Real
1304163,2539,2280,1.0,1.0,0.7777777777777778,6.3900000000000015,1,Real
1304828,2540,10706,1.0,0.0,0.35897435897435903,38.91,1,Real
1304866,2541,5176,1.0,1.0,0.7230769230769231,0.0,1,Real
1306641,2543,6691,1.0,0.0,0.1862745098039216,59.41000000000002,1,Real
1306837,2544,2534,0.7058823529411765,1.0,0.3855421686746988,6.110000000000001,1,Real
1309933,2550,19120,1.0,0.0,0.328125,285.52,1,Real
1310002,2551,15808,1.0,0.5555555555555556,0.26804123711340205,71.51,1,Real
1482,7,9016,1.0,1.0,0.5245901639344263,19.890000000000004,1,Real
11585,21,16838,1.0,0.0,0.37894736842105264,8.36,1,Real
16944,30,6032,1.0,1.0,0.42105263157894735,4.719999999999999,1,Real
27468,50,8097,1.0,1.0,0.38613861386138615,5.75,1,Real
29639,55,6573,1.0,0.0,0.8135593220338984,79.98000000000002,1,Real
31673,59,21240,1.0,0.0,0.017699115044247787,4.800000000000012,1,Real
36407,65,8392,1.0,0.0,1.0,14.999999999999998,1,Real
37339,70,14642,1.0,0.0,0.5970149253731343,18.16,1,Real
45439,87,7611,1.0,0.0,1.0,17.220000000000002,1,Real
45729,89,3270,0.0,0.0,0.6835443037974683,105.43,1,Real
46783,92,17688,1.0,0.0,0.8363636363636363,0.0,1,Real
52791,102,2594,1.0,0.4,0.6666666666666666,26.41,1,Real
53924,105,11792,1.0,1.0,0.3380281690140845,0.0,1,Real
54958,108,12091,1.0,1.0,0.5135135135135135,2.890000000000001,1,Real
55916,109,21710,1.0,1.0,0.4126984126984127,9.840000000000003,1,Real
57503,115,9224,1.0,1.0,0.7361111111111112,10.5,1,Real
73894,152,692,0.7058823529411765,0.06666666666666668,0.3466666666666667,0.9799999999999898,1,Real
74851,156,3447,1.0,0.0,0.7333333333333333,4.600000000000001,1,Real
75993,160,9710,1.0,1.0,0.4489795918367347,6.1099999999999985,1,Real
76923,164,9825,0.3043478260869565,0.0,0.27522935779816515,25.620000000000005,1,Real
79203,169,20287,1.0,1.0,0.12903225806451613,1.0500000000000007,1,Real
84311,182,12013,1.0,0.4166666666666667,0.6489361702127661,0.0,1,Real
85437,183,7400,1.0,1.0,0.3673469387755102,8.71,1,Real
87752,187,1929,1.0,1.0,0.5254237288135594,3.740000000000002,1,Real
89681,194,19881,1.0,1.0,0.2597402597402597,13.96,1,Real
106180,219,5047,1.0,1.0,0.5970149253731343,21.02,1,Real
110292,222,16625,1.0,0.0,1.0,1.0199999999999996,1,Real
111395,223,17535,1.0,0.0,0.6,14.999999999999995,1,Real
115091,232,10437,0.3076923076923077,0.19047619047619047,0.5636363636363636,7.630000000000003,1,Real
127446,259,10647,1.0,1.0,0.5967741935483871,2.0500000000000007,1,Real
128688,262,3239,1.0,1.0,0.34523809523809523,28.809999999999967,1,Real
134471,273,3966,1.0,1.0,0.5098039215686274,0.0,1,Real
140540,282,7825,1.0,1.0,0.9069767441860463,11.63,1,Real
143634,285,2676,1.0,1.0,0.7857142857142857,9.829999999999998,1,Real
152063,303,16808,1.0,0.0,0.7,158.71,1,Real
152823,304,19300,1.0,1.0,0.875,0.0,1,Real
153831,310,19292,1.0,1.0,0.4310344827586207,6.530000000000001,1,Real
153889,311,4721,1.0,0.0,0.5757575757575758,9.35,1,Real
155588,313,13300,1.0,1.0,0.7536231884057971,0.0,1,Real
160308,322,20698,1.0,0.0,0.24742268041237114,1.7999999999999972,1,Real
160542,324,1245,1.0,1.0,0.21495327102803727,1.3100000000000025,1,Real
163464,329,14370,1.0,1.0,0.16666666666666666,0.0,1,Real
163573,330,7315,1.0,1.0,0.3,1.83,1,Real
163727,331,1600,1.0,1.0,0.3909090909090909,0.8399999999999999,1,Real
164547,335,10662,1.0,1.0,0.4130434782608696,7.299999999999998,1,Real
170991,346,8387,1.0,0.0,0.7111111111111111,4.239999999999998,1,Real
186256,363,3236,1.0,1.0,0.3230769230769231,7.670000000000003,1,Real
186308,363,16308,1.0,0.0,0.3709677419354839,217.1,1,Real
197603,389,1451,1.0,0.0,0.4,236.15,1,Real
199421,397,7145,1.0,1.0,0.5,6.649999999999999,1,Real
201314,400,714,1.0,0.0,0.7692307692307693,13.900000000000002,1,Real
204615,414,1678,0.3076923076923077,0.0,0.23863636363636365,11.910000000000002,1,Real
222226,447,5775,1.0,1.0,1.0,1.7600000000000051,1,Real
222959,448,13175,1.0,1.0,0.6299212598425197,0.0,1,Real
227527,456,19348,1.0,0.0,1.0,0.0,1,Real
234713,466,7305,1.0,1.0,0.6210526315789474,0.009999999999990905,1,Real
237215,471,10875,1.0,1.0,0.4,0.3300000000000001,1,Real
240736,475,18530,0.05,1.0,0.3296703296703297,16.630000000000006,1,Real
240792,476,20393,1.0,0.0,0.4025974025974026,3.259999999999991,1,Real
242920,481,377,1.0,1.0,0.6511627906976745,3.2100000000000013,1,Real
248875,499,5578,0.0,0.3333333333333333,0.382716049382716,10.15,1,Real
254063,508,11954,1.0,0.4705882352941176,0.6226415094339622,0.25,1,Real
263778,523,14015,1.0,1.0,0.65625,2.93,1,Real
264372,524,7631,1.0,0.0,0.5,12.35,1,Real
266658,529,77,1.0,0.0,0.7142857142857143,2.1500000000000004,1,Real
273154,546,7623,1.0,0.0,0.59,6.060000000000002,1,Real
275155,549,3415,1.0,1.0,0.6222222222222222,0.7899999999999991,1,Real
275806,551,19540,0.2727272727272727,0.0,0.6415094339622641,0.3400000000000034,1,Real
277454,556,19010,1.0,0.0,0.4683544303797468,0.0,1,Real
278842,559,5884,1.0,1.0,0.4918032786885246,0.0,1,Real
294479,586,14868,1.0,0.5,0.3258426966292135,5.0600000000000005,1,Real
303872,601,4692,1.0,0.0,0.32142857142857145,13.449999999999996,1,Real
312546,616,17520,0.5517241379310345,1.0,0.28735632183908044,3.9899999999999953,1,Real
316983,624,14736,1.0,1.0,0.3376623376623377,9.85,1,Real
321994,633,13150,1.0,1.0,0.38235294117647056,27.270000000000003,1,Real
324788,637,9152,1.0,1.0,0.6212121212121212,5.899999999999999,1,Real
326621,640,10129,1.0,1.0,0.618421052631579,8.59,1,Real
340518,668,7080,1.0,1.0,0.2307692307692308,24.93,1,Real
344710,673,2945,1.0,1.0,0.3458646616541353,6.100000000000023,1,Real
350594,685,17574,0.0,0.0,0.7563025210084033,21.32,1,Real
353445,688,20213,1.0,1.0,0.4444444444444444,5.890000000000003,1,Real
353735,689,4784,1.0,0.3636363636363637,0.4796747967479675,0.44999999999998863,1,Real
354717,691,12897,1.0,1.0,0.17391304347826084,4.699999999999998,1,Real
365669,706,16537,1.0,0.0,0.5714285714285714,1.0499999999999972,1,Real
366254,708,8043,1.0,0.0,0.11267605633802814,150.99,1,Real
367286,711,2946,1.0,1.0,0.3412698412698413,9.009999999999991,1,Real
379496,735,5992,1.0,1.0,0.2362204724409449,19.649999999999977,1,Real
381432,736,12274,1.0,1.0,0.390625,28.020000000000003,1,Real
385075,740,11688,1.0,0.0,0.20869565217391306,2.78,1,Real
387804,743,8236,1.0,1.0,0.8461538461538461,9.14,1,Real
390027,746,11811,1.0,1.0,0.43089430894308944,0.3400000000000034,1,Real
391233,751,10531,1.0,1.0,0.3372093023255814,0.0,1,Real
391768,753,7076,1.0,0.0,0.7291666666666666,5.009999999999998,1,Real
410659,781,14279,1.0,1.0,0.2792792792792793,139.83000000000004,1,Real
419290,799,6374,1.0,1.0,0.2708333333333333,34.52,1,Real
420936,802,8932,1.0,0.5,0.36,12.409999999999995,1,Real
421111,802,13030,1.0,0.5,0.4594594594594595,18.889999999999993,1,Real
426330,811,1481,1.0,1.0,0.6216216216216216,0.6300000000000008,1,Real
428238,817,11999,0.4,1.0,0.4895833333333333,14.510000000000005,1,Real
436023,829,10888,1.0,1.0,0.7857142857142857,0.0,1,Real
438026,833,19557,1.0,0.0,0.5166666666666667,10.75,1,Real
438174,834,18900,1.0,0.0,0.2676056338028169,8.54,1,Real
449801,858,7348,1.0,1.0,0.65,19.83,1,Real
451395,863,5783,1.0,0.0,0.7241379310344828,18.39,1,Real
451425,863,11819,1.0,0.0,0.2127659574468085,17.55,1,Real
458849,875,5645,1.0,1.0,0.41935483870967744,2.640000000000001,1,Real
460401,881,5987,1.0,0.3125,0.3389830508474576,6.84,1,Real
465757,896,12464,1.0,0.0,0.6712328767123288,0.0,1,Real
467972,899,7384,0.5,1.0,0.3375,32.00999999999999,1,Real
468006,899,11344,0.5,0.6153846153846154,0.696969696969697,62.01000000000001,1,Real
468045,899,15336,0.5,1.0,0.90625,0.18999999999999773,1,Real
472141,903,6662,1.0,1.0,0.3043478260869565,0.0,1,Real
472167,903,18251,1.0,0.0,0.19718309859154928,2.259999999999998,1,Real
472949,906,19637,1.0,1.0,0.8653846153846154,12.010000000000002,1,Real
482531,921,3247,1.0,1.0,1.0,12.46,1,Real
492014,932,6452,0.0,0.5833333333333334,0.7037037037037037,6.1400000000000015,1,Real
493008,937,14005,1.0,1.0,0.14130434782608695,30.460000000000036,1,Real
493103,938,19776,1.0,1.0,0.24509803921568624,4.619999999999999,1,Real
502580,962,14318,1.0,1.0,0.7764705882352941,14.89,1,Real
511161,980,9554,1.0,1.0,0.6739130434782609,11.94,1,Real
517449,993,19593,1.0,0.0,0.3859649122807017,2.3000000000000007,1,Real
520803,997,2751,1.0,0.4,0.5555555555555556,18.43,1,Real
522414,1000,4924,1.0,1.0,0.6129032258064516,1.239999999999999,1,Real
523745,1002,6639,1.0,0.0,0.2204724409448819,33.0,1,Real
526960,1006,11658,1.0,1.0,0.3111111111111111,0.9599999999999992,1,Real
527231,1008,11117,0.05882352941176471,1.0,0.4642857142857143,9.539999999999992,1,Real
527534,1010,781,1.0,1.0,0.5925925925925926,3.829999999999984,1,Real
528777,1011,15004,1.0,1.0,0.5740740740740741,14.98,1,Real
530145,1012,13414,1.0,1.0,0.7319587628865979,18.83,1,Real
539708,1036,21948,0.3333333333333333,1.0,0.09090909090909093,54.45,1,Real
560022,1072,16127,1.0,1.0,0.6666666666666666,4.9300000000000015,1,Real
566082,1084,20645,1.0,1.0,0.6304347826086957,2.890000000000001,1,Real
568483,1093,13748,0.15,1.0,0.504950495049505,24.99000000000001,1,Real
568782,1096,2703,1.0,1.0,0.22388059701492533,2.0699999999999985,1,Real
576301,1105,1398,1.0,1.0,0.7307692307692307,14.97,1,Real
578165,1113,10801,1.0,1.0,0.2380952380952381,6.980000000000002,1,Real
584864,1126,8268,1.0,1.0,0.6438356164383562,13.369999999999996,1,Real
593323,1135,8790,1.0,0.0,0.4615384615384616,363.04,1,Real
595251,1137,17384,0.29411764705882354,0.0,0.8356164383561644,0.0,1,Real
600876,1149,16757,1.0,0.0,0.6111111111111112,40.03,1,Real
602576,1154,13246,0.0,0.0,0.4791666666666667,3.01,1,Real
606096,1164,6863,1.0,0.5,0.3253012048192771,6.950000000000002,1,Real
616299,1181,4538,1.0,0.0,0.16363636363636366,0.039999999999992035,1,Real
618573,1184,11289,1.0,1.0,1.0,2.3399999999999963,1,Real
618891,1186,11040,1.0,1.0,0.25,26.08,1,Real
623017,1190,2760,1.0,1.0,0.5161290322580645,13.790000000000004,1,Real
624854,1191,10707,1.0,1.0,0.4736842105263158,20.58,1,Real
626541,1194,4494,0.0,1.0,0.5652173913043478,0.0,1,Real
628285,1196,5365,1.0,1.0,0.4947368421052632,11.71,1,Real
630316,1199,14824,1.0,1.0,0.3218390804597701,49.99,1,Real
630623,1201,160,1.0,0.0,0.3918918918918919,3.430000000000001,1,Real
630783,1201,19355,1.0,1.0,0.3428571428571429,4.610000000000001,1,Real
633127,1210,14110,1.0,0.2352941176470588,0.4479166666666667,9.71,1,Real
664838,1253,9636,1.0,0.0,0.2933333333333333,9.980000000000004,1,Real
665350,1257,20412,1.0,1.0,0.5217391304347826,8.11,1,Real
667003,1263,12735,1.0,0.6666666666666666,0.4754098360655738,0.09999999999999433,1,Real
667705,1267,4233,0.0,0.3157894736842105,1.0,0.7900000000000009,1,Real
680032,1296,6406,1.0,1.0,0.4931506849315068,40.0,1,Real
684948,1306,2559,1.0,1.0,0.27722772277227725,14.920000000000002,1,Real
693144,1316,15123,0.0,1.0,0.4077669902912621,160.39999999999995,1,Real
703196,1341,8497,0.2,1.0,0.5263157894736842,7.66,1,Real
707426,1350,12192,0.45,1.0,0.7901234567901234,7.829999999999992,1,Real
711473,1354,6820,1.0,1.0,0.2371794871794872,15.0,1,Real
726735,1369,12443,1.0,1.0,0.11627906976744184,0.0,1,Real
749503,1415,11940,1.0,0.0,0.2138364779874214,160.04000000000005,1,Real
769459,1440,19655,1.0,0.0,0.3703703703703704,13.890000000000017,1,Real
770116,1442,15285,1.0,1.0,0.3269230769230769,5.729999999999999,1,Real
772300,1449,7903,1.0,0.0,0.29411764705882354,0.0,1,Real
773944,1455,10761,1.0,1.0,0.417910447761194,121.10000000000002,1,Real
775617,1458,8347,1.0,0.0,0.7307692307692307,2.210000000000001,1,Real
779352,1459,16056,1.0,1.0,0.2704918032786885,20.0,1,Real
784128,1469,2294,1.0,1.0,0.1783783783783784,12.889999999999983,1,Real
787033,1475,3962,1.0,1.0,0.3972602739726027,0.0,1,Real
787374,1476,8651,1.0,0.375,0.4766355140186916,47.39,1,Real
791003,1488,3574,1.0,1.0,0.2755102040816326,17.929999999999993,1,Real
793765,1499,5235,1.0,1.0,0.5945945945945946,14.009999999999993,1,Real
795249,1502,5286,0.0,1.0,0.13333333333333333,2.210000000000001,1,Real
796963,1505,4818,1.0,1.0,0.828125,0.0,1,Real
798694,1510,9333,1.0,1.0,0.631578947368421,29.37,1,Real
799263,1511,19043,1.0,1.0,0.3058823529411765,4.58,1,Real
799823,1512,4520,1.0,0.0,0.5153846153846153,0.460000000000008,1,Real
802632,1513,20845,1.0,0.0,0.3739130434782609,4.029999999999993,1,Real
805172,1517,889,1.0,1.0,0.2921348314606741,3.9300000000000015,1,Real
807365,1523,1026,1.0,1.0,0.48,27.540000000000006,1,Real
808498,1526,12544,1.0,0.5454545454545454,0.4444444444444444,7.1400000000000015,1,Real
816049,1540,4757,1.0,1.0,0.5342465753424658,4.9999999999999964,1,Real
823965,1551,11327,1.0,0.0,0.6826923076923077,149.07999999999996,1,Real
827337,1559,4509,0.0,1.0,0.31666666666666665,4.41,1,Real
827923,1561,19670,1.0,1.0,0.3888888888888889,3.1300000000000012,1,Real
841206,1579,3324,1.0,1.0,0.5897435897435898,0.8300000000000001,1,Real
859899,1614,17219,0.21052631578947367,0.0,0.6481481481481481,19.010000000000005,1,Real
863520,1622,16059,0.0,0.0,0.8421052631578947,1.7600000000000016,1,Real
866420,1629,6289,0.0,1.0,0.4528301886792453,8.920000000000002,1,Real
870424,1636,20244,1.0,1.0,0.2692307692307692,4.009999999999991,1,Real
870570,1638,1271,1.0,1.0,0.4320987654320987,11.480000000000004,1,Real
872047,1642,15010,0.3181818181818182,1.0,0.3979591836734694,19.58,1,Real
876942,1656,10362,1.0,0.0,0.3076923076923077,1.019999999999996,1,Real
881595,1664,10772,1.0,0.0,0.3125,0.3200000000000216,1,Real
891676,1685,17949,1.0,0.0,0.4787234042553192,16.06,1,Real
892566,1687,17666,0.0,0.0,0.29927007299270075,44.65,1,Real
897997,1701,13660,0.0,1.0,0.3247863247863248,0.5199999999999996,1,Real
898914,1702,18550,0.0,0.0,0.5585585585585585,21.06,1,Real
900918,1707,17027,0.0,0.0,0.4731182795698925,5.0,1,Real
906335,1721,20523,0.0,0.0,0.8767123287671232,6.549999999999999,1,Real
909761,1733,5721,1.0,1.0,0.3333333333333333,19.1,1,Real
913446,1739,20133,1.0,1.0,0.54,0.0,1,Real
915886,1749,17508,1.0,0.0,0.3278688524590164,1.8800000000000008,1,Real
922976,1762,12648,1.0,0.6666666666666666,1.0,12.639999999999983,1,Real
929182,1772,236,1.0,0.0,0.2894736842105263,374.56,1,Real
933582,1798,6005,1.0,1.0,0.2255639097744361,653.6300000000001,1,Real
934020,1801,256,0.2272727272727273,0.0,0.11818181818181818,17.950000000000006,1,Real
938047,1811,578,1.0,1.0,0.3666666666666665,7.959999999999999,1,Real
939030,1814,1608,1.0,1.0,1.0,1.2400000000000002,1,Real
951743,1842,2327,1.0,1.0,0.8214285714285714,0.4399999999999977,1,Real
953738,1844,9692,1.0,1.0,0.027027027027027032,0.0,1,Real
958046,1855,10031,1.0,1.0,0.2714285714285714,0.4099999999999966,1,Real
962783,1867,14360,1.0,0.5333333333333333,0.4897959183673469,43.44,1,Real
967867,1875,14195,1.0,1.0,0.16176470588235295,4.74,1,Real
970107,1883,10855,1.0,0.0,1.0,0.0,1,Real
970828,1885,17579,0.4090909090909091,0.0,0.5092592592592593,19.41,1,Real
971069,1886,2011,1.0,1.0,0.33695652173913043,0.0,1,Real
976010,1894,11121,1.0,1.0,0.6385542168674698,6.0,1,Real
977576,1896,7661,1.0,1.0,0.21428571428571427,95.25,1,Real
990066,1920,544,1.0,0.6470588235294118,0.3333333333333333,0.0,1,Real
1000469,1937,11296,1.0,1.0,0.5357142857142857,5.6099999999999985,1,Real
1000648,1937,18141,1.0,0.0,0.5222222222222223,1.6499999999999986,1,Real
1006482,1952,20444,1.0,1.0,0.6567164179104478,5.93,1,Real
1013071,1964,6962,0.6666666666666666,1.0,1.0,3.890000000000001,1,Real
1022570,1984,6914,1.0,1.0,0.6721311475409836,4.07,1,Real
1028934,1998,12452,1.0,1.0,1.0,0.0,1,Real
1032681,2005,19521,1.0,0.0,0.6078431372549019,83.05000000000003,1,Real
1037594,2015,9457,1.0,0.0,0.4794520547945205,6.1099999999999985,1,Real
1041264,2022,17452,1.0,0.0,0.6125,70.03,1,Real
1045816,2034,18680,1.0,0.0,0.4259259259259259,3.85,1,Real
1062648,2064,6309,1.0,1.0,0.6,5.169999999999998,1,Real
1076811,2085,8988,1.0,0.3333333333333333,0.2058823529411765,6.1099999999999985,1,Real
1082344,2093,13768,0.45,0.0,0.3565891472868217,97.19000000000004,1,Real
1083489,2097,2975,1.0,0.3333333333333333,0.625,0.0,1,Real
1085096,2102,15844,1.0,1.0,0.38372093023255816,4.930000000000007,1,Real
1094752,2118,14558,1.0,1.0,0.2916666666666667,3.37,1,Real
1107575,2137,4706,1.0,0.5454545454545454,0.175,51.28,1,Real
1113610,2147,6471,0.7058823529411765,1.0,0.3478260869565217,4.690000000000001,1,Real
1113747,2148,2888,1.0,1.0,0.4666666666666667,1.5599999999999996,1,Real
1117275,2156,4510,0.0,1.0,0.4320987654320987,0.3999999999999986,1,Real
1124154,2165,3695,1.0,1.0,0.2597402597402597,24.849999999999994,1,Real
1124682,2166,18478,1.0,0.0,0.171875,1.6600000000000037,1,Real
1124838,2168,14881,1.0,1.0,0.2676056338028169,36.89,1,Real
1124851,2168,17734,1.0,0.0,0.6271186440677966,20.12,1,Real
1129297,2185,11690,0.6153846153846154,1.0,0.3666666666666665,0.44999999999998863,1,Real
1134976,2197,17367,1.0,0.0,0.7142857142857143,46.06999999999999,1,Real
1135925,2200,18139,1.0,0.0,0.5373134328358209,51.25,1,Real
1144674,2220,246,1.0,0.0,0.4767441860465117,28.53,1,Real
1146663,2225,14687,1.0,0.0,0.5909090909090909,16.680000000000007,1,Real
1154115,2238,1697,1.0,1.0,0.408,0.0,1,Real
1156236,2244,482,1.0,1.0,0.012345679012345678,13.180000000000005,1,Real
1157363,2246,3567,1.0,1.0,0.6590909090909091,0.0,1,Real
1160188,2255,346,1.0,1.0,0.5411764705882353,81.87,1,Real
1164654,2261,13723,1.0,1.0,0.5877192982456141,30.010000000000005,1,Real
1166542,2267,1617,1.0,0.0,1.0,0.0,1,Real
1166584,2267,13319,1.0,1.0,0.4791666666666667,7.929999999999998,1,Real
1168175,2274,5256,1.0,1.0,0.3678160919540229,12.39,1,Real
1168628,2277,12761,1.0,0.0,0.5733333333333334,4.1799999999999935,1,Real
1177754,2296,21435,1.0,0.0,0.5116279069767442,79.98,1,Real
1197471,2332,21977,1.0,1.0,0.4186046511627907,5.1400000000000015,1,Real
1201538,2340,2237,1.0,1.0,0.2395833333333333,29.98,1,Real
1204666,2346,15062,1.0,1.0,0.5370370370370371,1.5500000000000007,1,Real
1207420,2354,13477,1.0,1.0,0.7037037037037037,5.3900000000000015,1,Real
1210869,2361,7250,1.0,0.0,0.6962025316455697,1.3599999999999994,1,Real
1210916,2361,17906,1.0,0.0,0.5824175824175825,30.06,1,Real
1218129,2372,10924,1.0,1.0,0.47297297297297297,12.0,1,Real
1223561,2380,265,1.0,0.0,0.6206896551724138,1.7899999999999991,1,Real
1223770,2380,10268,0.2272727272727273,1.0,0.8809523809523809,5.799999999999999,1,Real
1225943,2388,20822,1.0,1.0,0.5638297872340425,0.4299999999999997,1,Real
1232339,2398,10118,0.2307692307692308,0.0,0.20535714285714285,3.77,1,Real
1234707,2401,10788,1.0,1.0,0.047619047619047616,49.149999999999984,1,Real
1240013,2409,6809,1.0,0.0,0.6785714285714286,8.339999999999998,1,Real
1240802,2410,11715,1.0,1.0,0.8771929824561403,33.89,1,Real
1257799,2439,2862,1.0,0.4615384615384616,0.4545454545454545,30.410000000000025,1,Real
1259849,2441,6644,1.0,0.0,1.0,0.009999999999999787,1,Real
1274707,2479,16863,0.2352941176470588,0.0,0.5444444444444444,52.18000000000001,1,Real
1278172,2484,11842,1.0,0.5833333333333334,0.3636363636363637,6.2399999999999975,1,Real
1284678,2504,20052,1.0,1.0,0.35294117647058826,9.840000000000003,1,Real
1294177,2517,20310,0.45,1.0,0.5897435897435898,0.060000000000002274,1,Real
1294826,2520,2669,1.0,1.0,0.38,6.790000000000006,1,Real
1309571,2549,19118,1.0,1.0,0.4606741573033708,1.6100000000000012,1,Real
