_id,idWalmart,idAmazon,brand_brand_jac_qgm_3_qgm_3,modelno_modelno_jac_qgm_3_qgm_3,title_title_jac_qgm_3_qgm_3,gold
556,4,4379,1.0,1.0,0.3372093023255814,1
926,6,10423,1.0,0.0,0.2978723404255319,1
995,6,20933,0.2857142857142857,1.0,0.5744680851063829,1
2531,10,2457,1.0,1.0,0.19607843137254904,1
5551,16,4283,1.0,1.0,0.6781609195402298,1
6689,16,17811,1.0,0.0,0.6421052631578947,1
11273,20,13058,1.0,1.0,0.24489795918367346,1
11407,20,17430,1.0,0.0,0.4936708860759494,1
15842,26,6985,1.0,0.4615384615384616,0.4492753623188406,1
16423,27,538,1.0,1.0,0.27,1
17406,31,11089,1.0,0.1176470588235294,0.85,1
18383,34,11684,1.0,0.0,0.2967032967032967,1
18676,35,3068,1.0,0.0,0.4137931034482759,1
22444,40,10873,1.0,1.0,0.5882352941176471,1
23383,42,6817,1.0,1.0,0.3504273504273504,1
23627,43,173,1.0,1.0,0.42105263157894735,1
29222,54,17893,1.0,0.0,0.9014084507042254,1
30635,57,9165,0.3076923076923077,0.0,0.5,1
30929,57,21965,0.3076923076923077,0.19047619047619047,0.5,1
31323,58,13303,1.0,1.0,0.6268656716417911,1
36765,66,7157,1.0,0.13333333333333333,0.2753623188405797,1
36848,66,11130,1.0,1.0,1.0,1
37069,67,3669,1.0,1.0,0.37662337662337664,1
37357,70,21810,1.0,1.0,0.3253012048192771,1
40652,79,12348,1.0,0.0,0.4375,1
40885,81,6527,1.0,0.0,0.8285714285714286,1
42392,82,17195,1.0,0.0,0.8767123287671232,1
45061,86,9497,1.0,0.5,0.25806451612903225,1
45495,87,11618,1.0,0.0,0.9,1
45838,89,18981,0.0625,0.0,0.4563106796116505,1
46456,91,21918,1.0,1.0,0.3541666666666667,1
48386,94,8351,1.0,1.0,0.6129032258064516,1
48614,95,9052,1.0,0.4166666666666667,0.6491228070175439,1
49269,96,10967,1.0,0.5,0.36585365853658536,1
49829,98,15905,1.0,0.4615384615384616,0.7027027027027027,1
50569,100,4521,1.0,0.5714285714285714,0.5294117647058824,1
53529,103,11760,1.0,1.0,0.42857142857142855,1
55723,109,12442,1.0,0.16666666666666666,0.17391304347826084,1
59265,121,13523,1.0,1.0,0.2159090909090909,1
59278,121,14796,1.0,1.0,0.5227272727272727,1
62487,127,1556,1.0,1.0,0.328125,1
64161,129,2702,1.0,1.0,0.631578947368421,1
64231,129,10641,1.0,1.0,0.4024390243902439,1
64460,131,9891,1.0,1.0,0.2352941176470588,1
64918,132,5596,1.0,1.0,0.264,1
66979,134,18759,1.0,1.0,0.32,1
67107,135,3741,1.0,0.3333333333333333,0.4415584415584416,1
68144,137,2577,1.0,1.0,0.5961538461538461,1
68316,138,21121,0.45,1.0,0.3883495145631068,1
70714,145,7971,1.0,0.4375,0.476923076923077,1
71625,146,15892,1.0,0.0,0.62,1
72325,148,21193,1.0,0.0,0.5918367346938775,1
72387,149,16399,1.0,0.0,0.5918367346938775,1
72402,149,18937,1.0,1.0,0.55,1
72454,150,8944,1.0,0.0,0.203125,1
75161,158,16206,1.0,0.0,0.6336633663366337,1
75918,160,5665,1.0,0.05,0.4266666666666667,1
76903,164,124,0.4117647058823529,1.0,0.3493975903614458,1
77105,165,18938,1.0,1.0,0.6229508196721312,1
78775,168,15438,1.0,1.0,0.26666666666666666,1
79662,173,1153,1.0,0.4615384615384616,0.2992125984251969,1
80043,174,1250,0.2,0.3333333333333333,0.2831858407079646,1
82494,177,4855,1.0,1.0,0.3484848484848485,1
83399,179,19150,1.0,0.0,0.5846153846153846,1
83455,180,8546,1.0,0.0,0.3709677419354839,1
87073,185,2960,1.0,0.0,1.0,1
89139,192,1244,1.0,1.0,0.6595744680851063,1
89231,192,11198,1.0,1.0,0.3205128205128205,1
89396,193,11132,1.0,1.0,0.28125,1
89721,195,6877,0.7058823529411765,1.0,1.0,1
92064,200,5512,1.0,1.0,0.8636363636363636,1
92991,202,6829,1.0,0.045454545454545456,0.7127659574468085,1
93952,203,2448,1.0,1.0,0.2236842105263158,1
95235,206,10518,1.0,1.0,0.7704918032786885,1
97965,212,401,1.0,1.0,0.47,1
102407,216,6602,1.0,1.0,1.0,1
105669,218,5275,1.0,1.0,0.631578947368421,1
106844,220,8697,1.0,1.0,0.5,1
110510,223,1355,1.0,1.0,0.5428571428571428,1
112666,226,12628,1.0,1.0,0.7294117647058823,1
113701,228,2203,0.2,0.0,0.09333333333333334,1
118962,236,21784,1.0,0.0,0.7674418604651163,1
121145,240,10618,1.0,1.0,0.7719298245614035,1
123983,247,13590,0.0,0.0,0.8070175438596491,1
124031,247,19032,0.0,0.0,0.8070175438596491,1
128062,260,10735,1.0,1.0,0.3263157894736842,1
128469,261,3778,0.25,0.3157894736842105,0.15294117647058825,1
128790,262,5193,1.0,1.0,0.647887323943662,1
130523,265,16641,1.0,0.0,0.5465116279069767,1
131219,267,2950,1.0,1.0,0.4266666666666667,1
136950,277,15427,1.0,1.0,0.4897959183673469,1
144312,287,18627,1.0,1.0,0.3606557377049181,1
149472,295,19912,1.0,1.0,0.7631578947368421,1
150374,298,15654,1.0,0.6666666666666666,1.0,1
150851,300,4645,1.0,1.0,0.3461538461538461,1
153514,308,10210,1.0,1.0,0.31521739130434784,1
156098,314,8871,0.0,1.0,0.3211009174311927,1
157723,316,7706,1.0,0.7,0.5555555555555556,1
159050,318,1083,1.0,1.0,0.2361111111111111,1
159639,320,21484,1.0,1.0,0.7121212121212122,1
160218,322,4630,1.0,1.0,0.21052631578947367,1
160413,323,9991,1.0,0.0,0.7192982456140351,1
161012,325,8520,1.0,1.0,0.6864406779661016,1
163876,331,16953,0.0,0.0,0.3409090909090909,1
165169,337,20175,0.05882352941176471,1.0,0.5375,1
165406,338,6116,1.0,0.0,0.5476190476190477,1
171978,347,8305,1.0,1.0,0.4647887323943662,1
172901,348,14459,0.2727272727272727,1.0,0.2682926829268293,1
180039,352,10049,1.0,1.0,0.2635135135135135,1
183622,357,21592,1.0,1.0,0.4078947368421053,1
185476,361,11567,1.0,1.0,0.5161290322580645,1
185782,361,19151,1.0,0.0,0.5862068965517241,1
186696,365,9533,1.0,1.0,0.14457831325301204,1
189722,371,15072,1.0,1.0,0.5064935064935064,1
190904,376,5042,1.0,1.0,0.26744186046511625,1
191629,377,9390,1.0,1.0,0.4578313253012048,1
192628,379,21691,1.0,1.0,0.8421052631578947,1
195892,383,12583,1.0,0.0,0.3884297520661157,1
197316,387,4059,1.0,1.0,0.18478260869565216,1
197439,388,3170,1.0,1.0,0.3977272727272727,1
197888,390,10544,1.0,0.0,0.25203252032520324,1
198598,395,1768,0.0,0.3333333333333333,0.21686746987951808,1
198615,396,100,1.0,1.0,0.3043478260869565,1
199424,397,7150,1.0,0.0,0.2716049382716049,1
199525,397,17849,1.0,0.0,0.3797468354430379,1
206332,416,17244,1.0,0.0,0.4888888888888889,1
206399,416,20386,1.0,0.0,0.3809523809523809,1
206631,417,19476,1.0,1.0,0.3484848484848485,1
213420,425,8535,0.7058823529411765,0.7058823529411765,0.3734939759036144,1
216508,427,14869,1.0,1.0,0.25609756097560976,1
217024,429,6991,1.0,0.5,0.4615384615384616,1
217706,430,3274,1.0,1.0,0.43478260869565216,1
224594,449,13174,1.0,1.0,0.6412213740458015,1
225764,453,16646,1.0,0.0,0.6210526315789474,1
226242,454,4893,1.0,1.0,0.30303030303030304,1
226628,454,10900,1.0,1.0,0.30303030303030304,1
227203,455,1892,1.0,1.0,0.5846153846153846,1
230314,458,8019,1.0,1.0,0.2900763358778626,1
233848,464,11441,1.0,1.0,0.6144578313253012,1
235240,466,15279,1.0,0.0,0.8289473684210527,1
236811,469,20646,1.0,0.0,0.6458333333333334,1
236840,470,2721,1.0,0.0,1.0,1
236947,470,19258,1.0,0.0,0.6774193548387096,1
239873,473,15368,1.0,0.0,0.4022988505747127,1
240776,476,782,1.0,1.0,0.28695652173913044,1
240782,476,12747,1.0,0.0,0.5932203389830508,1
240823,477,2718,1.0,0.7777777777777778,0.4024390243902439,1
243288,482,987,1.0,1.0,0.15151515151515152,1
243336,482,14854,1.0,0.0,0.3870967741935484,1
244107,484,9131,1.0,1.0,0.4712643678160919,1
247434,492,19958,1.0,1.0,0.8604651162790697,1
248292,497,4497,1.0,0.0,0.4576271186440678,1
249862,501,12545,1.0,0.5454545454545454,0.7377049180327869,1
250593,503,11436,1.0,1.0,0.4177215189873418,1
251443,504,10207,1.0,0.0,0.3636363636363637,1
252569,505,15432,1.0,1.0,0.28735632183908044,1
257099,512,1393,0.5,1.0,0.3333333333333333,1
257591,513,9061,1.0,1.0,0.4576271186440678,1
258950,515,14882,1.0,0.4545454545454545,0.2298850574712644,1
260805,519,2139,1.0,1.0,0.5555555555555556,1
264145,524,3627,1.0,0.0,0.5136986301369864,1
265822,528,486,1.0,0.0,0.8333333333333334,1
267752,529,21348,1.0,1.0,0.6964285714285714,1
267825,530,17880,1.0,0.0,0.5505617977528089,1
267905,531,6616,0.2272727272727273,0.0,0.8021978021978022,1
268186,531,18532,0.2272727272727273,0.0,0.6571428571428571,1
268587,532,19818,1.0,1.0,0.5,1
270708,538,791,0.0,1.0,0.4782608695652174,1
270879,539,10462,0.3636363636363637,1.0,0.2333333333333333,1
270889,539,17175,0.3636363636363637,0.0,0.4423076923076923,1
270937,540,11543,1.0,1.0,0.4736842105263158,1
271051,541,9384,0.5,1.0,1.0,1
271231,542,9190,1.0,1.0,0.3132530120481928,1
271842,543,13160,1.0,1.0,0.35869565217391297,1
272618,545,13665,1.0,0.42857142857142855,0.3448275862068966,1
273156,546,7625,1.0,0.0,0.4298245614035088,1
274455,548,9296,1.0,1.0,0.581081081081081,1
275733,551,2556,0.2727272727272727,1.0,0.3163265306122449,1
279511,560,20714,1.0,0.0,0.45,1
279530,560,21311,1.0,0.0,0.3870967741935484,1
279929,562,18153,1.0,0.0,0.9012345679012346,1
280293,564,18916,1.0,0.0,0.6794871794871795,1
280741,568,12174,1.0,1.0,0.16483516483516486,1
289225,576,1129,1.0,0.0,0.5625,1
289250,576,5076,1.0,1.0,0.3548387096774194,1
290203,578,19368,1.0,0.0,0.6086956521739131,1
290257,578,21737,1.0,0.0,0.6176470588235294,1
291198,580,15016,0.21739130434782608,1.0,0.75,1
294116,585,966,1.0,1.0,0.68,1
296119,589,20109,1.0,0.0,1.0,1
296174,590,15496,1.0,1.0,0.5535714285714286,1
296179,590,16954,1.0,0.0,0.38,1
296673,592,5595,1.0,1.0,0.3793103448275862,1
300566,595,20844,1.0,0.0,0.4452554744525548,1
300753,596,14870,0.21428571428571427,1.0,0.4761904761904762,1
302443,598,22044,0.17857142857142858,1.0,0.4301075268817205,1
302611,599,3627,1.0,0.0,0.5434782608695652,1
303376,600,557,1.0,1.0,0.75,1
304066,601,12882,1.0,1.0,0.5930232558139535,1
304712,604,21732,1.0,1.0,0.17045454545454544,1
304886,605,15830,1.0,1.0,0.5294117647058824,1
310454,612,8430,1.0,1.0,0.3882352941176471,1
312391,615,22046,0.4,1.0,0.42857142857142855,1
312762,618,19541,1.0,0.0,0.6774193548387096,1
317078,625,4040,1.0,1.0,0.2809917355371901,1
317607,626,18444,1.0,0.0,0.8947368421052632,1
321349,631,12818,0.3333333333333333,1.0,0.3157894736842105,1
323090,636,7146,1.0,0.0,0.3630952380952381,1
325494,638,15921,1.0,1.0,0.297029702970297,1
326608,640,7372,0.0,0.0,0.8666666666666667,1
330984,646,6761,1.0,0.08695652173913042,0.3763440860215054,1
332026,649,4760,0.3333333333333333,1.0,0.4146341463414634,1
332320,650,1428,1.0,0.0,0.313953488372093,1
334459,653,6709,1.0,1.0,0.6785714285714286,1
334481,653,7446,0.3333333333333333,0.0,0.4113475177304965,1
335573,655,14490,1.0,1.0,0.32941176470588235,1
336628,657,10559,1.0,0.0,0.4117647058823529,1
338057,659,21943,1.0,1.0,0.6571428571428571,1
338310,661,10274,1.0,1.0,0.390625,1
338924,663,17259,0.2272727272727273,0.0,0.5662650602409639,1
339145,664,7136,1.0,1.0,0.8571428571428571,1
340413,667,12515,0.7058823529411765,1.0,0.1891891891891892,1
342496,670,12491,1.0,0.6,0.4814814814814815,1
347691,679,8963,1.0,1.0,0.4444444444444444,1
348047,681,844,0.4117647058823529,1.0,0.35443037974683544,1
348348,682,20252,1.0,1.0,0.9565217391304348,1
354972,693,18705,1.0,1.0,0.5294117647058824,1
354981,694,105,1.0,1.0,0.3636363636363637,1
355020,694,2612,1.0,0.0,0.4024390243902439,1
355322,695,20007,1.0,1.0,0.5303030303030303,1
355375,696,12570,1.0,1.0,0.8571428571428571,1
358399,700,3857,1.0,0.0,0.6567164179104478,1
358433,700,4284,1.0,0.0,0.6904761904761905,1
364776,705,18207,1.0,0.0,0.17073170731707318,1
365499,706,12896,1.0,1.0,0.4117647058823529,1
366400,710,1097,0.0,1.0,0.7049180327868853,1
368674,712,7672,1.0,1.0,0.3,1
370626,715,16479,1.0,1.0,0.5522388059701493,1
371018,716,7851,0.2380952380952381,0.5,0.3762376237623761,1
371990,718,20107,1.0,0.0,0.8684210526315791,1
373066,721,13399,1.0,0.6153846153846154,1.0,1
373870,723,12996,1.0,1.0,1.0,1
374128,724,1690,1.0,0.6842105263157895,0.2558139534883721,1
374188,724,9676,1.0,1.0,0.3076923076923077,1
374535,726,16278,0.0,0.0,0.5445544554455446,1
374545,726,16801,0.0,0.0,0.6477272727272727,1
382222,738,6760,1.0,1.0,0.6615384615384615,1
384450,739,18198,0.55,0.0,0.8048780487804879,1
387100,742,11538,1.0,1.0,0.5645161290322581,1
391103,750,15431,1.0,1.0,0.2112676056338028,1
396770,760,8382,1.0,1.0,0.4310344827586207,1
400025,766,15416,1.0,1.0,0.7307692307692307,1
401366,770,6363,1.0,1.0,0.3882352941176471,1
402051,771,11224,1.0,1.0,0.3717948717948718,1
402694,772,5518,0.4444444444444444,1.0,0.4324324324324325,1
411175,782,17484,0.0,0.0,0.6504854368932039,1
412344,785,12734,0.0,1.0,1.0,1
412559,786,10846,0.045454545454545456,1.0,0.275,1
414745,789,14902,1.0,1.0,0.44,1
418823,798,6509,1.0,0.0,0.4,1
422518,804,4122,1.0,1.0,0.5,1
423589,806,14295,1.0,1.0,0.43859649122807015,1
426667,811,11429,1.0,0.5625,0.5795454545454546,1
426998,812,454,1.0,0.0,0.44,1
430607,819,980,1.0,1.0,0.4390243902439024,1
433146,821,6299,1.0,0.7826086956521741,0.3333333333333333,1
436069,830,8898,1.0,0.5,0.4107142857142857,1
437884,833,4598,1.0,1.0,0.4864864864864865,1
439626,837,8740,0.0,1.0,1.0,1
440240,839,716,1.0,1.0,0.4821428571428572,1
441412,842,7504,1.0,1.0,0.3809523809523809,1
445333,849,603,1.0,1.0,0.7323943661971831,1
445349,849,3154,1.0,0.0,0.5684210526315789,1
445705,851,8444,1.0,1.0,0.2727272727272727,1
451233,862,11943,0.21739130434782608,0.0,0.3372093023255814,1
452893,865,11895,1.0,1.0,0.54,1
457583,871,14931,1.0,1.0,0.0898876404494382,1
458248,872,20289,1.0,1.0,0.5714285714285714,1
458534,873,15269,1.0,1.0,0.6111111111111112,1
458860,876,4227,0.35714285714285715,1.0,0.5,1
463800,888,12784,1.0,0.0,0.44799999999999995,1
465084,893,21097,1.0,0.0,0.6507936507936508,1
465345,894,11621,1.0,1.0,0.46875,1
472359,904,16990,1.0,1.0,0.7289719626168224,1
473056,907,3470,1.0,1.0,0.5882352941176471,1
473624,908,13995,0.3333333333333333,1.0,0.4736842105263158,1
474380,909,13024,1.0,1.0,0.5245901639344263,1
480456,917,8911,1.0,1.0,0.6274509803921569,1
481637,918,17318,1.0,0.0,0.8375,1
482490,920,17372,1.0,0.0,0.5529411764705883,1
487894,926,21758,0.25,0.3157894736842105,1.0,1
492127,933,2814,1.0,0.0,0.44545454545454544,1
492777,935,13149,1.0,1.0,0.5340909090909091,1
492944,936,14801,1.0,1.0,0.5833333333333334,1
493161,939,15253,1.0,1.0,0.3972602739726027,1
493341,940,3616,1.0,1.0,0.4352941176470588,1
494968,942,2806,1.0,1.0,0.8387096774193549,1
495746,945,14178,1.0,1.0,0.7291666666666666,1
496101,946,3104,1.0,1.0,0.29508196721311475,1
497785,950,7347,1.0,1.0,0.6590909090909091,1
498135,951,15943,1.0,1.0,0.4375,1
499305,956,4703,1.0,0.4545454545454545,0.21621621621621626,1
507651,971,6931,1.0,1.0,0.25396825396825395,1
509802,974,21569,1.0,1.0,0.7446808510638298,1
509861,975,19754,1.0,0.6666666666666666,0.2222222222222222,1
510149,976,13423,1.0,1.0,0.5652173913043478,1
512934,984,18365,1.0,0.0,0.65625,1
513937,987,6670,1.0,1.0,0.7777777777777778,1
516446,992,12313,1.0,0.4,0.5432098765432098,1
521067,998,4380,1.0,1.0,0.4403669724770641,1
527330,1008,18143,1.0,0.0,0.3627450980392157,1
532625,1015,7029,1.0,1.0,0.7608695652173914,1
535142,1023,12117,1.0,1.0,0.4871794871794872,1
535845,1025,12675,1.0,1.0,0.5396825396825397,1
537129,1030,16792,1.0,0.0,0.16049382716049382,1
537702,1031,10556,1.0,0.5714285714285714,0.3898305084745763,1
538691,1032,13439,1.0,1.0,0.3043478260869565,1
539777,1037,10881,1.0,0.0,0.25,1
539891,1038,12169,1.0,1.0,0.2346938775510204,1
540140,1039,5011,1.0,0.0,0.16666666666666666,1
540564,1039,19036,1.0,1.0,0.3466666666666667,1
543488,1045,3010,1.0,1.0,0.5915492957746479,1
556328,1064,3146,1.0,0.0,0.2857142857142857,1
556742,1066,10601,1.0,1.0,0.2631578947368421,1
557068,1067,8298,1.0,1.0,0.5476190476190477,1
559788,1071,18621,1.0,0.0,1.0,1
560343,1074,2523,1.0,1.0,0.8333333333333334,1
563309,1075,20741,1.0,1.0,0.5283018867924528,1
564796,1078,11885,0.21739130434782608,0.0,0.8532110091743119,1
565600,1081,14455,1.0,1.0,0.6181818181818182,1
565903,1082,21588,1.0,0.0,1.0,1
567819,1091,16635,1.0,0.0,0.6486486486486487,1
568631,1094,5463,1.0,0.0,0.5789473684210527,1
568662,1094,16870,1.0,0.0,0.4953271028037383,1
575916,1103,7854,1.0,1.0,0.4328358208955224,1
576874,1108,12701,0.0,1.0,0.5921052631578947,1
577188,1109,10673,1.0,1.0,0.6756756756756757,1
577238,1110,6058,1.0,0.3333333333333333,0.13924050632911392,1
577243,1110,8092,1.0,0.4117647058823529,0.1891891891891892,1
580338,1120,3472,1.0,1.0,0.7333333333333333,1
582091,1122,14110,1.0,1.0,0.4736842105263158,1
584137,1125,15648,1.0,1.0,0.2,1
595355,1138,4430,0.7058823529411765,1.0,0.2095238095238096,1
595661,1139,9086,1.0,1.0,0.5882352941176471,1
597434,1141,9098,1.0,1.0,0.5084745762711864,1
597998,1142,9254,1.0,1.0,0.5340909090909091,1
598938,1143,14278,1.0,1.0,0.2777777777777778,1
599544,1146,2868,1.0,0.0,0.4824561403508772,1
599668,1146,4788,1.0,0.3333333333333333,0.4820143884892086,1
601494,1150,9482,1.0,1.0,0.475609756097561,1
602262,1152,18331,0.0,0.0,0.6213592233009708,1
602540,1154,9238,0.0,0.0,0.4842105263157895,1
604465,1156,14874,1.0,0.4,0.4313725490196079,1
605421,1160,13110,1.0,1.0,0.25882352941176473,1
606819,1166,3696,1.0,1.0,0.3787878787878788,1
607221,1167,3904,1.0,0.0,0.21787709497206706,1
614674,1176,19246,1.0,1.0,0.3389830508474576,1
615160,1178,20812,1.0,0.0,0.8095238095238095,1
619156,1187,16093,1.0,1.0,0.2537313432835821,1
626609,1194,5593,1.0,0.0,0.4761904761904762,1
629222,1198,4815,1.0,1.0,0.6857142857142857,1
632204,1208,6899,1.0,0.0,0.5945945945945946,1
632331,1209,3255,1.0,1.0,1.0,1
632367,1209,16936,1.0,0.0,1.0,1
632371,1209,18171,1.0,0.0,1.0,1
632891,1210,9718,1.0,1.0,0.4842105263157895,1
633373,1211,1325,1.0,1.0,0.5434782608695652,1
636511,1218,5250,1.0,0.4166666666666667,0.5227272727272727,1
637636,1219,5268,1.0,1.0,1.0,1
638532,1220,14407,1.0,1.0,0.27,1
644168,1225,8071,1.0,1.0,0.5185185185185185,1
650917,1230,5843,1.0,0.0,1.0,1
651355,1231,4668,1.0,1.0,0.4516129032258064,1
653460,1234,12408,0.2,0.0,0.6222222222222222,1
653476,1234,18429,1.0,0.13636363636363635,0.6222222222222222,1
653741,1237,7616,0.2777777777777778,0.0,0.4117647058823529,1
653994,1238,6975,1.0,1.0,0.6666666666666666,1
655036,1243,2466,1.0,1.0,0.7407407407407407,1
658405,1245,10289,1.0,0.4615384615384616,0.6470588235294118,1
660364,1247,17192,0.2380952380952381,0.0,0.7551020408163265,1
660385,1247,21595,0.2380952380952381,1.0,0.53125,1
661051,1249,16299,0.0,0.0,0.7142857142857143,1
664525,1252,2074,0.3333333333333333,1.0,0.30303030303030304,1
666920,1262,8267,1.0,1.0,0.2777777777777778,1
667066,1264,22052,1.0,1.0,0.40540540540540543,1
668429,1269,4381,1.0,0.0,0.42857142857142855,1
671378,1278,1881,1.0,1.0,0.17567567567567569,1
672227,1281,7638,1.0,0.0,0.8148148148148148,1
672410,1281,17950,1.0,0.0,0.5882352941176471,1
672862,1283,1241,1.0,1.0,1.0,1
673785,1287,16536,1.0,0.0,0.5339805825242718,1
675567,1292,17830,1.0,0.0,0.6388888888888888,1
676014,1293,18603,0.3076923076923077,0.0,0.3813559322033898,1
682225,1299,8456,1.0,1.0,0.5818181818181818,1
682775,1300,14224,1.0,0.4615384615384616,0.43333333333333335,1
682820,1300,15463,1.0,1.0,0.3923076923076923,1
682976,1302,6495,1.0,1.0,0.6086956521739131,1
688607,1312,14761,1.0,1.0,0.36893203883495146,1
693087,1316,7784,0.0,0.0,0.4631578947368421,1
693177,1316,21113,1.0,1.0,0.6363636363636364,1
693264,1317,4507,1.0,0.0,0.4358974358974359,1
693555,1318,20507,1.0,0.0,0.4426229508196721,1
694334,1321,885,1.0,1.0,0.4128440366972477,1
696135,1325,913,1.0,1.0,0.5396825396825397,1
696315,1326,10508,1.0,0.5833333333333334,0.3217391304347826,1
702259,1339,17544,0.0,0.0,0.6153846153846154,1
705446,1346,14258,1.0,0.0,0.6829268292682927,1
705524,1346,20146,1.0,0.0,1.0,1
705634,1348,12432,1.0,1.0,0.18478260869565216,1
706968,1350,4660,0.45,0.6666666666666666,0.8,1
713674,1356,560,0.7058823529411765,1.0,0.62,1
713804,1357,11270,1.0,1.0,0.2608695652173913,1
716139,1360,1904,1.0,1.0,0.6491228070175439,1
717489,1361,995,1.0,1.0,0.3508771929824561,1
721081,1363,17389,0.0,0.0,0.8382352941176471,1
725952,1366,18373,1.0,0.0,1.0,1
726398,1368,12147,1.0,0.0,0.4655172413793103,1
727399,1370,14865,1.0,1.0,0.3296703296703297,1
727565,1371,5173,1.0,1.0,0.4545454545454545,1
729230,1378,12162,1.0,0.0,0.6853932584269663,1
731468,1381,20891,1.0,1.0,0.2857142857142857,1
735167,1386,17537,0.0,0.0,0.8809523809523809,1
738448,1392,2977,1.0,1.0,0.7857142857142857,1
738700,1395,19581,1.0,0.16666666666666666,0.4444444444444444,1
739262,1397,2439,0.5,1.0,0.1125,1
740700,1398,20806,1.0,1.0,0.7590361445783133,1
740790,1399,4587,1.0,0.4444444444444444,0.7450980392156863,1
741542,1401,14944,1.0,0.4615384615384616,0.36538461538461536,1
741613,1401,18728,1.0,0.0,0.5777777777777777,1
741925,1403,20184,1.0,1.0,0.3055555555555556,1
742106,1404,21316,1.0,1.0,0.17307692307692307,1
743249,1406,14895,1.0,1.0,0.36585365853658536,1
747110,1413,16819,1.0,0.0,0.4649122807017544,1
748010,1414,2789,1.0,1.0,0.8253968253968254,1
754032,1419,14716,1.0,1.0,0.35064935064935066,1
755723,1424,9728,1.0,0.6666666666666666,0.3928571428571429,1
756071,1425,8193,1.0,0.2083333333333333,0.8840579710144928,1
756994,1427,10693,0.29411764705882354,0.0,0.8865979381443299,1
762331,1433,6231,1.0,1.0,0.1605839416058394,1
767125,1436,7325,0.5,1.0,0.27631578947368424,1
767799,1438,11705,1.0,1.0,0.5098039215686274,1
768473,1440,1637,1.0,0.5,0.19718309859154928,1
773018,1452,4720,1.0,1.0,0.5428571428571428,1
775334,1457,18232,1.0,0.0,0.3277310924369748,1
780307,1461,14499,0.6785714285714286,1.0,0.3684210526315789,1
780375,1462,3781,1.0,0.0,0.2846153846153846,1
783315,1467,11642,1.0,0.0,0.5727272727272728,1
783419,1467,13593,1.0,0.0,0.4921875,1
783530,1467,15576,1.0,0.0,0.5943396226415094,1
783788,1468,16060,1.0,0.5,0.3253012048192771,1
786899,1474,3249,1.0,0.0,1.0,1
786900,1474,3251,1.0,1.0,1.0,1
787411,1476,12655,1.0,1.0,0.676056338028169,1
787518,1477,11084,1.0,1.0,0.7333333333333333,1
787569,1478,2433,1.0,1.0,0.6052631578947368,1
787651,1479,1767,1.0,0.0,0.4266666666666667,1
788633,1482,4163,1.0,0.0,0.5,1
789252,1483,8567,1.0,0.21052631578947367,0.21100917431192664,1
790132,1485,15559,1.0,1.0,0.625,1
790170,1486,1376,1.0,1.0,0.6808510638297872,1
791363,1490,2078,1.0,0.0,0.42857142857142855,1
793881,1500,4638,1.0,0.0,0.6265060240963856,1
797642,1507,16667,1.0,0.0,0.5116279069767442,1
798467,1509,19515,1.0,1.0,0.6923076923076923,1
802717,1514,1593,1.0,1.0,0.6323529411764706,1
807947,1523,21030,1.0,0.0,0.3960396039603961,1
808993,1529,812,1.0,0.0,0.4747474747474748,1
809470,1530,1442,1.0,0.0,0.5517241379310345,1
812519,1535,1091,0.0,1.0,0.6190476190476191,1
813074,1536,19000,0.3684210526315789,0.0,0.5652173913043478,1
821644,1543,10128,1.0,1.0,0.6666666666666666,1
821986,1546,21375,1.0,0.1153846153846154,0.7027027027027027,1
822511,1549,9246,0.5294117647058824,0.6153846153846154,0.34234234234234234,1
823184,1550,18949,0.5652173913043478,0.0,0.22123893805309736,1
824737,1553,9157,1.0,1.0,0.8461538461538461,1
827411,1559,12853,1.0,0.0,0.3877551020408163,1
827483,1560,14554,1.0,0.0,0.3838383838383838,1
828345,1564,431,1.0,1.0,0.33613445378151263,1
828791,1565,6915,1.0,1.0,0.7014925373134329,1
833532,1572,6999,1.0,0.0,0.7889908256880734,1
834870,1574,5416,1.0,1.0,0.6296296296296297,1
840294,1578,13541,1.0,1.0,0.6811594202898551,1
841815,1580,11461,1.0,1.0,0.4459459459459459,1
844132,1585,11476,1.0,1.0,0.3690476190476191,1
846051,1590,2646,1.0,1.0,0.6285714285714286,1
849761,1592,17448,1.0,0.0,0.2345679012345679,1
850079,1593,16659,1.0,0.0,0.6428571428571429,1
853258,1596,13391,1.0,0.0,0.6,1
856902,1603,10609,0.2777777777777778,0.0,0.5595238095238095,1
857062,1603,19808,0.2777777777777778,0.0,0.4673913043478261,1
858273,1607,18688,1.0,0.0,0.3595505617977528,1
858374,1608,13173,1.0,0.0,0.4736842105263158,1
859173,1610,2510,0.4705882352941176,1.0,0.3902439024390244,1
859253,1611,10451,0.0,0.0,1.0,1
860556,1615,11351,1.0,1.0,0.4307692307692308,1
862962,1618,2749,1.0,0.0,0.2987012987012987,1
863101,1619,6365,0.0,0.0,0.5,1
864278,1624,6593,1.0,1.0,0.3103448275862069,1
865934,1627,13620,1.0,1.0,0.4657534246575342,1
866738,1631,10852,1.0,0.5,0.27710843373493976,1
868210,1633,20071,1.0,0.0,0.5,1
871761,1641,9565,1.0,1.0,0.58,1
871994,1642,11045,0.3181818181818182,0.0,0.4875,1
872268,1644,2780,1.0,1.0,0.2553191489361702,1
874257,1652,13805,1.0,0.0,0.28703703703703703,1
874726,1653,14385,1.0,1.0,0.3935483870967742,1
874965,1654,1650,1.0,1.0,0.4871794871794872,1
877843,1657,14170,1.0,1.0,0.5344827586206896,1
878230,1658,16333,1.0,0.0,0.7441860465116279,1
879828,1661,11173,1.0,1.0,0.3076923076923077,1
882075,1667,6195,1.0,1.0,0.40625,1
884209,1672,20795,1.0,1.0,0.38028169014084506,1
884677,1673,9028,1.0,0.3333333333333333,0.3333333333333333,1
889292,1682,13298,1.0,0.42857142857142855,0.21495327102803727,1
892792,1687,20039,0.0,0.0,0.6555555555555556,1
895455,1695,3794,0.0,0.0,0.6166666666666667,1
895521,1695,11027,0.0,1.0,0.4428571428571429,1
895588,1695,20398,0.0,0.0,0.472972972972973,1
895815,1696,17275,0.0,0.0,0.6454545454545455,1
896347,1698,16579,0.0,0.0,0.4715447154471545,1
896650,1698,21668,0.0,0.0,0.5405405405405406,1
897193,1700,17104,0.0,0.0,0.5535714285714286,1
899522,1705,16232,0.0,0.0,0.4693877551020408,1
900562,1706,14646,0.0,1.0,1.0,1
901222,1709,16227,0.0,0.0,0.5544554455445545,1
903662,1714,21094,0.0,0.0,0.6702127659574468,1
903761,1715,18513,0.0,0.0,0.4883720930232558,1
904335,1716,20592,0.0,0.0,0.3428571428571429,1
904413,1717,17397,0.0,0.0,0.3577981651376147,1
905016,1718,17262,0.0,0.0,0.6142857142857143,1
905389,1719,12857,0.0,0.0,0.2185430463576159,1
907735,1728,14919,1.0,0.0,0.6666666666666666,1
908048,1729,12126,1.0,1.0,0.5645161290322581,1
910642,1734,21813,1.0,0.0,0.3928571428571429,1
915228,1743,15528,1.0,1.0,0.7179487179487181,1
916202,1752,20118,1.0,1.0,0.3703703703703704,1
916483,1754,16221,0.0,0.0,0.4141414141414141,1
918297,1759,9790,1.0,0.0,0.5945945945945946,1
918319,1759,13846,1.0,1.0,0.4888888888888889,1
922357,1762,4577,1.0,0.4444444444444444,0.7614678899082569,1
926638,1767,5889,0.2352941176470588,0.0,0.15,1
927638,1770,5883,1.0,0.3,0.21739130434782608,1
929396,1773,2223,0.25,0.3157894736842105,0.18269230769230768,1
929731,1775,18403,1.0,0.0,0.6489361702127661,1
930834,1777,13180,1.0,0.0,0.4852941176470588,1
930842,1777,15490,1.0,1.0,0.5892857142857143,1
930847,1777,16438,1.0,0.0,0.3563218390804598,1
930928,1778,3751,1.0,1.0,0.4,1
931948,1785,11404,1.0,0.0,0.6,1
932353,1790,11779,0.5517241379310345,1.0,0.6060606060606061,1
932386,1791,19801,0.0,0.0,0.5849056603773585,1
932615,1792,19539,1.0,0.0,0.6764705882352942,1
932683,1793,8495,1.0,1.0,0.4588235294117647,1
935809,1804,6873,1.0,1.0,0.4307692307692308,1
939038,1814,3254,1.0,0.0,1.0,1
944076,1822,10712,1.0,1.0,0.3333333333333333,1
945206,1828,2579,1.0,0.4117647058823529,0.3309859154929577,1
946855,1830,19354,1.0,1.0,0.373134328358209,1
948053,1833,433,1.0,1.0,0.8260869565217391,1
948230,1833,13397,1.0,0.0,0.6458333333333334,1
948396,1834,9343,1.0,1.0,0.7352941176470589,1
948571,1835,16332,1.0,0.0,0.7857142857142857,1
950785,1838,13678,1.0,1.0,0.5306122448979592,1
952067,1842,18624,1.0,0.5882352941176471,0.7246376811594203,1
953719,1844,4901,1.0,0.07692307692307693,0.3728813559322034,1
954417,1846,186,1.0,1.0,0.21739130434782608,1
955782,1847,15548,1.0,0.0,0.2519685039370079,1
956536,1851,17489,1.0,0.0,0.4743589743589744,1
956656,1852,13349,0.5,0.6666666666666666,0.7468354430379747,1
958509,1856,12475,1.0,0.0,0.25,1
959363,1861,5561,1.0,0.0,1.0,1
960494,1862,18358,1.0,0.0,0.4742268041237113,1
961173,1863,15435,1.0,1.0,0.26229508196721313,1
962346,1864,21326,0.3333333333333333,1.0,0.6582278481012658,1
963495,1869,4495,1.0,1.0,0.6347826086956522,1
967917,1876,9387,0.5,1.0,0.4545454545454545,1
968148,1878,2928,1.0,1.0,0.2773109243697479,1
970254,1884,19124,1.0,1.0,0.6071428571428571,1
971885,1889,6730,1.0,1.0,0.8333333333333334,1
974804,1892,15305,1.0,1.0,0.7563025210084033,1
978884,1900,5459,1.0,1.0,0.37662337662337664,1
979666,1902,10883,0.42857142857142855,1.0,0.7872340425531915,1
980202,1904,10675,1.0,1.0,0.6271186440677966,1
980524,1905,15685,1.0,0.0,0.42,1
980702,1906,7801,0.15,0.75,0.5591397849462365,1
982492,1908,10482,1.0,1.0,1.0,1
982911,1909,20112,1.0,1.0,0.6395348837209303,1
983041,1910,11285,1.0,1.0,0.2371134020618557,1
983114,1910,20494,1.0,0.0,0.2207792207792208,1
994855,1928,19027,1.0,1.0,0.3484848484848485,1
994998,1929,13790,1.0,1.0,0.14285714285714285,1
996509,1931,15376,1.0,1.0,0.5294117647058824,1
997004,1932,11215,1.0,1.0,0.4673913043478261,1
997523,1933,9017,1.0,0.5,0.4615384615384616,1
997538,1933,9096,1.0,1.0,0.5254237288135594,1
998525,1935,9579,1.0,0.0,0.5294117647058824,1
1000899,1938,8501,1.0,1.0,0.3763440860215054,1
1001281,1939,19139,1.0,1.0,0.14942528735632185,1
1001561,1940,20178,1.0,1.0,0.2857142857142857,1
1002051,1944,15781,1.0,1.0,0.3725490196078432,1
1002113,1945,829,1.0,0.0,0.5342465753424658,1
1003494,1947,1316,1.0,1.0,0.6086956521739131,1
1006586,1953,1770,1.0,1.0,0.7307692307692307,1
1007054,1954,11439,1.0,1.0,0.686046511627907,1
1011453,1958,17571,1.0,0.0,0.40625,1
1013733,1965,14804,0.045454545454545456,1.0,0.8,1
1014126,1967,657,1.0,1.0,0.5362318840579711,1
1016112,1969,10525,0.21739130434782608,0.0,0.2,1
1016239,1969,21512,0.21739130434782608,0.0,0.3178294573643411,1
1016772,1973,3591,1.0,1.0,0.4,1
1016775,1973,3594,1.0,0.2380952380952381,0.8,1
1017132,1974,3156,1.0,1.0,0.5,1
1017977,1976,8181,1.0,1.0,0.6949152542372882,1
1018242,1977,12094,1.0,1.0,0.36893203883495146,1
1020659,1981,1503,1.0,1.0,0.2933333333333333,1
1020768,1981,4279,1.0,0.0,0.5689655172413793,1
1023099,1985,1121,1.0,1.0,0.5873015873015873,1
1023522,1987,6414,1.0,0.0,0.3809523809523809,1
1023826,1988,10906,1.0,1.0,0.4594594594594595,1
1023976,1988,16253,1.0,0.0,0.6962025316455697,1
1024075,1989,2477,0.35,0.0,0.4205607476635514,1
1024115,1989,9475,0.35,0.0,0.9634146341463414,1
1025800,1993,1275,1.0,1.0,0.5915492957746479,1
1029468,2000,20190,1.0,1.0,0.4615384615384616,1
1029542,2001,14203,1.0,0.35,0.5555555555555556,1
1032585,2005,1748,1.0,1.0,1.0,1
1034088,2007,13922,1.0,1.0,0.676923076923077,1
1034861,2008,20462,1.0,1.0,0.3786407766990291,1
1037245,2014,9227,1.0,1.0,1.0,1
1037658,2015,11741,0.0,0.0,0.31683168316831684,1
1038813,2017,12007,1.0,1.0,0.3137254901960784,1
1039629,2018,16794,1.0,0.0,0.7727272727272727,1
1040000,2019,5208,1.0,1.0,0.72,1
1040107,2019,11228,1.0,0.3333333333333333,0.5,1
1040352,2020,16544,1.0,0.0,0.4545454545454545,1
1042102,2025,18711,1.0,0.0,0.4864864864864865,1
1042138,2026,2699,1.0,0.75,0.12962962962962962,1
1042516,2027,3204,1.0,0.0,0.2079207920792079,1
1043648,2027,18649,1.0,1.0,0.20560747663551399,1
1044065,2029,12892,1.0,0.0,0.8292682926829268,1
1044224,2030,14036,1.0,1.0,0.4558823529411765,1
1044368,2031,13168,1.0,0.0,0.640625,1
1044880,2032,9534,1.0,1.0,0.2463768115942029,1
1047458,2038,8520,1.0,0.7619047619047619,0.5630252100840336,1
1048602,2038,21544,1.0,1.0,1.0,1
1048761,2040,7444,1.0,1.0,0.43478260869565216,1
1049139,2041,9551,0.0,1.0,0.31868131868131866,1
1055076,2048,8525,1.0,1.0,0.33043478260869563,1
1056420,2051,21913,0.4117647058823529,1.0,0.4683544303797468,1
1057009,2053,6287,1.0,0.0,1.0,1
1058921,2057,3068,1.0,0.06382978723404255,0.4137931034482759,1
1060851,2060,5735,1.0,1.0,0.3157894736842105,1
1061151,2062,353,1.0,0.0,0.5294117647058824,1
1066624,2070,21449,1.0,0.0,0.5853658536585366,1
1067309,2072,8815,0.3333333333333333,1.0,0.6419753086419753,1
1067930,2073,4160,1.0,1.0,0.21739130434782608,1
1068601,2074,15480,0.4444444444444444,1.0,0.3188405797101449,1
1068741,2075,17804,1.0,0.0,0.3505154639175257,1
1069379,2077,18298,1.0,0.0,0.5287356321839081,1
1070813,2079,3895,1.0,1.0,0.2831858407079646,1
1076343,2084,14540,1.0,1.0,0.6593406593406593,1
1078695,2088,11144,1.0,1.0,0.78125,1
1079097,2089,17264,1.0,0.0,0.6376811594202898,1
1079163,2089,22026,1.0,0.26666666666666666,0.6363636363636364,1
1079217,2090,7049,1.0,1.0,0.3714285714285713,1
1082708,2094,11401,1.0,0.0,0.16101694915254236,1
1082762,2094,16312,1.0,1.0,0.4736842105263158,1
1083273,2095,15248,1.0,0.0,1.0,1
1084286,2098,21458,1.0,0.2631578947368421,0.30666666666666664,1
1084460,2100,12942,1.0,1.0,0.2469135802469136,1
1084873,2101,20732,1.0,1.0,0.5833333333333334,1
1086149,2104,2964,1.0,0.5,0.859375,1
1087579,2107,1254,0.030303030303030307,1.0,0.6301369863013698,1
1089307,2108,8359,1.0,0.0,0.66,1
1089840,2112,3378,1.0,0.0,0.1717171717171717,1
1093990,2117,14496,1.0,0.0,0.2676056338028169,1
1095075,2119,20622,1.0,1.0,0.32222222222222224,1
1095226,2120,20315,1.0,0.375,0.6451612903225806,1
1096879,2122,4433,0.7058823529411765,0.03571428571428571,0.4743589743589744,1
1097301,2124,1795,1.0,0.3333333333333333,0.3815028901734104,1
1098708,2125,11565,1.0,1.0,0.2661290322580645,1
1099065,2126,16073,1.0,1.0,0.24285714285714285,1
1105126,2133,7359,0.3125,1.0,0.5432098765432098,1
1106545,2134,8991,1.0,0.0,0.4225352112676056,1
1106606,2134,10435,1.0,1.0,0.17073170731707318,1
1107630,2137,19007,1.0,0.0,0.3924050632911392,1
1108324,2140,102,1.0,1.0,0.4583333333333333,1
1109033,2141,6966,0.07692307692307693,0.0,0.372093023255814,1
1109323,2142,11049,0.3181818181818182,1.0,0.7397260273972602,1
1110094,2143,5921,1.0,1.0,0.3115942028985507,1
1110843,2143,13935,1.0,0.0,0.23026315789473684,1
1114358,2150,4785,1.0,0.0,0.4926470588235294,1
1115222,2151,21344,0.5294117647058824,1.0,0.1625,1
1115303,2152,7339,1.0,1.0,0.3626373626373626,1
1116442,2155,11212,1.0,1.0,0.625,1
1117252,2156,4319,1.0,0.0,0.5903614457831325,1
1118414,2157,14546,1.0,1.0,0.5476190476190477,1
1119623,2159,9027,1.0,0.3333333333333333,0.3863636363636364,1
1121194,2160,17900,1.0,0.0,0.7464788732394366,1
1122358,2161,9859,1.0,0.5263157894736842,0.5354330708661418,1
1123703,2164,8470,1.0,1.0,0.4782608695652174,1
1124713,2166,21077,1.0,0.0,0.4444444444444444,1
1128076,2180,18388,1.0,0.0,0.6455696202531646,1
1129002,2184,10974,1.0,0.2222222222222222,0.23943661971830985,1
1131291,2187,13584,1.0,1.0,0.8166666666666667,1
1131718,2189,2672,1.0,1.0,0.4018691588785047,1
1132548,2191,21662,1.0,0.0,0.5,1
1133012,2192,16174,1.0,0.0,1.0,1
1133293,2193,3145,1.0,0.038461538461538464,1.0,1
1134285,2194,5683,1.0,1.0,0.2894736842105263,1
1134287,2194,9731,1.0,1.0,0.4772727272727273,1
1134331,2195,5102,1.0,1.0,0.27631578947368424,1
1134408,2195,18385,1.0,0.0,0.3106796116504854,1
1134983,2197,19485,1.0,0.0,0.7142857142857143,1
1135984,2200,20396,1.0,0.0,0.6271186440677966,1
1136432,2202,17199,1.0,0.0,0.4125,1
1142779,2212,4647,1.0,1.0,0.6304347826086957,1
1143358,2214,21799,1.0,1.0,0.5319148936170213,1
1143779,2217,17495,1.0,0.0,0.4246575342465753,1
1143833,2217,20676,1.0,0.0,0.6612903225806451,1
1144044,2218,18301,1.0,0.0,0.2,1
1144054,2218,19468,1.0,1.0,0.2258064516129032,1
1145371,2222,11341,0.3333333333333333,1.0,0.9285714285714286,1
1147623,2227,8671,1.0,1.0,0.1590909090909091,1
1149103,2230,14756,1.0,0.2380952380952381,0.4545454545454545,1
1149442,2231,12950,1.0,0.4166666666666667,0.2258064516129032,1
1149587,2232,17840,0.0,0.0,0.5074626865671642,1
1152586,2237,1663,1.0,0.0,0.4184397163120567,1
1154467,2240,327,1.0,0.0,0.35,1
1156448,2245,595,0.2727272727272727,1.0,0.4415584415584416,1
1158062,2249,8369,1.0,1.0,0.6346153846153846,1
1159704,2253,16784,1.0,0.0,0.5121951219512195,1
1160002,2254,11266,1.0,1.0,0.6818181818181818,1
1161472,2256,14016,1.0,1.0,0.6513761467889908,1
1163585,2260,14835,1.0,1.0,0.4137931034482759,1
1166170,2265,19008,0.5294117647058824,1.0,0.8666666666666667,1
1166468,2266,18699,1.0,1.0,0.7804878048780488,1
1166629,2268,2528,0.7058823529411765,1.0,0.4133333333333333,1
1168344,2275,357,1.0,1.0,0.14285714285714285,1
1168578,2276,19663,1.0,1.0,0.5483870967741935,1
1175263,2294,6549,1.0,0.4545454545454545,0.3831168831168831,1
1178467,2297,12893,0.3333333333333333,1.0,0.7540983606557377,1
1179549,2298,10870,1.0,0.0,0.7889908256880734,1
1188302,2306,10516,1.0,0.4545454545454545,0.5360824742268041,1
1192117,2316,9549,1.0,0.0,0.33962264150943394,1
1192911,2318,15826,1.0,0.0,0.5087719298245614,1
1194736,2325,20694,0.05555555555555555,1.0,0.21052631578947367,1
1196396,2327,1682,1.0,1.0,0.3375,1
1196513,2327,19269,1.0,0.0,0.6428571428571429,1
1196608,2328,8545,0.2777777777777778,1.0,1.0,1
1196824,2330,14074,1.0,1.0,0.23,1
1198757,2333,18201,1.0,0.0,0.6853932584269663,1
1199974,2335,10109,1.0,1.0,0.313953488372093,1
1200135,2336,8280,1.0,1.0,0.3625,1
1201868,2341,3759,1.0,1.0,0.4086021505376344,1
1202433,2342,7894,0.21739130434782608,0.9285714285714286,0.6486486486486487,1
1202547,2343,639,1.0,0.0,0.7846153846153846,1
1203153,2344,4785,1.0,0.0,0.3793103448275862,1
1204110,2345,4985,1.0,0.05128205128205128,0.4090909090909091,1
1204149,2345,6971,1.0,0.0,1.0,1
1204399,2345,14945,1.0,0.05128205128205128,0.375,1
1206099,2350,18167,1.0,1.0,0.45,1
1207913,2357,5528,1.0,1.0,0.7777777777777778,1
1213097,2365,16367,0.2272727272727273,0.0,0.8795180722891566,1
1213335,2365,17916,0.2272727272727273,0.0,0.711340206185567,1
1213818,2366,8619,1.0,1.0,0.4827586206896552,1
1214241,2369,15352,1.0,1.0,0.46399999999999997,1
1216547,2370,20053,1.0,1.0,0.19444444444444445,1
1222029,2375,3052,1.0,0.5882352941176471,0.4366197183098591,1
1223486,2379,11831,1.0,1.0,0.4107142857142857,1
1224296,2382,3483,1.0,1.0,0.4857142857142857,1
1229120,2393,15894,1.0,1.0,0.3717948717948718,1
1230615,2395,13252,1.0,1.0,0.6448598130841121,1
1232254,2397,18102,1.0,0.0,0.5688073394495413,1
1237772,2406,8669,1.0,1.0,0.6166666666666667,1
1238133,2406,18333,1.0,0.0,0.08421052631578947,1
1239356,2408,12312,1.0,1.0,0.6590909090909091,1
1240010,2409,5519,1.0,1.0,0.28125,1
1242240,2413,7234,1.0,0.0,0.7818181818181819,1
1243865,2417,5900,0.0,0.05555555555555555,0.3404255319148936,1
1246536,2419,7680,0.6428571428571429,0.7272727272727273,0.2558139534883721,1
1247980,2423,8664,1.0,1.0,0.5903614457831325,1
1251039,2428,1157,1.0,1.0,0.2338709677419355,1
1256337,2436,20420,1.0,1.0,0.4761904761904762,1
1261237,2442,21374,1.0,0.6470588235294118,0.4065040650406504,1
1267484,2460,7487,1.0,1.0,0.2,1
1268023,2462,13244,0.0,0.0,0.5581395348837209,1
1268171,2463,8176,1.0,0.0,0.9433962264150944,1
1270523,2469,16833,1.0,0.0,0.3545454545454545,1
1271821,2472,19284,1.0,1.0,1.0,1
1273430,2475,14438,0.7058823529411765,1.0,0.3783783783783784,1
1274039,2477,6956,1.0,1.0,0.5483870967741935,1
1274549,2478,4885,1.0,0.0,0.7391304347826086,1
1274846,2480,10670,1.0,1.0,0.6333333333333333,1
1276803,2482,6886,1.0,1.0,0.4173913043478261,1
1278089,2483,19120,1.0,0.0,0.18666666666666668,1
1278756,2486,8096,1.0,1.0,0.2826086956521739,1
1279219,2489,5636,1.0,1.0,0.5526315789473685,1
1281377,2497,12025,1.0,0.0,0.3424657534246575,1
1281969,2498,19526,1.0,0.0,0.3709677419354839,1
1282240,2502,4363,1.0,1.0,0.375,1
1284267,2503,16033,0.2,0.0,0.671875,1
1287001,2508,5039,0.0,1.0,0.625,1
1288136,2509,11583,1.0,0.0,0.5121951219512195,1
1291769,2511,11626,1.0,1.0,0.5,1
1292400,2512,21504,1.0,1.0,0.42105263157894735,1
1292667,2514,20427,1.0,0.42857142857142855,0.6842105263157895,1
1293317,2516,4425,1.0,0.5217391304347826,0.4056603773584906,1
1295322,2521,15684,1.0,1.0,0.2735849056603773,1
1295886,2523,3325,1.0,1.0,0.35185185185185186,1
1296181,2524,10366,1.0,1.0,0.618421052631579,1
1297742,2528,13283,1.0,1.0,0.4473684210526316,1
1300321,2532,19977,0.45,1.0,0.8289473684210527,1
1303033,2537,12334,0.3333333333333333,0.0,0.7450980392156863,1
1304163,2539,2280,1.0,1.0,0.7777777777777778,1
1304828,2540,10706,1.0,0.0,0.35897435897435903,1
1304866,2541,5176,1.0,1.0,0.7230769230769231,1
1306641,2543,6691,1.0,0.0,0.1862745098039216,1
1306837,2544,2534,0.7058823529411765,1.0,0.3855421686746988,1
1309933,2550,19120,1.0,0.0,0.328125,1
1310002,2551,15808,1.0,0.5555555555555556,0.26804123711340205,1
