9.985059209268426494e-01,9.996663256726259217e-01,2.561898907177882490e-01
1.000000000000000000e+00,9.996869322983493733e-01,3.067780141399723548e-01
9.991355638011407692e-01,9.993463814045598914e-01,4.897802613212774991e-01
1.000000000000000000e+00,9.977302453760126255e-01,3.486351240038420007e-01
9.984672207856417625e-01,1.000000000000000000e+00,2.872202504024695680e-01
9.996218374803980122e-01,9.998450525743033390e-01,1.762574153200467397e-01
1.000000000000000000e+00,1.000000000000000000e+00,3.599855636444677653e-01
9.987976201512157592e-01,9.987697093192724473e-01,2.786002532911645013e-01
1.000000000000000000e+00,1.000000000000000000e+00,3.209771821564827432e-01
9.980492246047684146e-01,1.000000000000000000e+00,4.014705188252880030e-01
1.000000000000000000e+00,1.000000000000000000e+00,3.305118596091513039e-01
1.000000000000000000e+00,1.000000000000000000e+00,2.301852511636107990e-01
1.000000000000000000e+00,9.996130975021410014e-01,3.605842463485460780e-01
9.995716681294698480e-01,1.000000000000000000e+00,3.828115436045367304e-01
1.000000000000000000e+00,9.996975281022604243e-01,2.856022085650206654e-01
1.000000000000000000e+00,1.000000000000000000e+00,3.190608481441632449e-01
9.998225738577464217e-01,1.000000000000000000e+00,3.541677740681438147e-01
9.995372177444744599e-01,1.000000000000000000e+00,3.221038116283253538e-01
9.992709094378227075e-01,9.999480546042041063e-01,3.615064788528286610e-01
1.000000000000000000e+00,9.988605993154568985e-01,2.807333067333950827e-01
1.000000000000000000e+00,1.000000000000000000e+00,2.594263003131750955e-01
9.999438346577704806e-01,1.000000000000000000e+00,3.359054726558241555e-01
9.995343375602697700e-01,9.990991735130460016e-01,3.816047689446665503e-01
9.981041108239696591e-01,9.985117478062046636e-01,4.105297604248708265e-01
1.000000000000000000e+00,1.000000000000000000e+00,1.989066749344488572e-01
9.987775549296178390e-01,1.000000000000000000e+00,2.085974361225682583e-01
9.996436336028258207e-01,9.990233609635165157e-01,2.745528690906997582e-01
9.982141295060943387e-01,9.999894999792794392e-01,2.357129069660292564e-01
9.981168493029439759e-01,9.995980106365555118e-01,2.808947171024709921e-01
9.990306032918422341e-01,1.000000000000000000e+00,3.958382848254377584e-01
1.000000000000000000e+00,9.980563788143509418e-01,3.822262701717440425e-01
9.985194852085658157e-01,9.980770579735198655e-01,3.490474379305147368e-01
1.000000000000000000e+00,9.990939553417248487e-01,1.452196138090570687e-01
9.991975436042038750e-01,1.000000000000000000e+00,1.419064748528655606e-01
9.993859206296541453e-01,1.000000000000000000e+00,2.169531449492150821e-01
1.000000000000000000e+00,9.996235744688446445e-01,2.189053060755979663e-01
1.000000000000000000e+00,9.986736141033132341e-01,2.675406679637696294e-01
9.981507362715208442e-01,1.000000000000000000e+00,3.024502052935071905e-01
1.000000000000000000e+00,9.995925381637591478e-01,2.383847452715198989e-01
9.999681694417258404e-01,1.000000000000000000e+00,2.487550111804743003e-01
9.994234091833852363e-01,9.993235667050537341e-01,3.403480706622840635e-01
1.000000000000000000e+00,9.996039932873386213e-01,3.070228004656266330e-01
9.998333265046276397e-01,9.995606082987357199e-01,4.070233094581214295e-01
9.990555205130098315e-01,9.976168552251363231e-01,2.412892429615050571e-01
1.000000000000000000e+00,9.988829837119043153e-01,3.619370374192533157e-01
9.982866572783508641e-01,1.000000000000000000e+00,3.267652217431288864e-01
1.000000000000000000e+00,1.000000000000000000e+00,3.488369866629505989e-01
1.000000000000000000e+00,9.988733640778937328e-01,3.425018691965345252e-01
1.000000000000000000e+00,1.000000000000000000e+00,3.802266048246265018e-01
9.999124487586150689e-01,9.990505791930744950e-01,1.403891074018865093e-01
1.000000000000000000e+00,9.991556370235986639e-01,3.863037493914095455e-01
9.996830573880753912e-01,9.988119702076478923e-01,4.111944313135611484e-01
9.991431693880975518e-01,9.996812723470571704e-01,2.190103643679722767e-01
9.993184054817185746e-01,1.000000000000000000e+00,3.415312412944645493e-01
1.000000000000000000e+00,1.000000000000000000e+00,3.534088512447844943e-01
1.000000000000000000e+00,1.000000000000000000e+00,2.894244912087853283e-01
9.993747685489730026e-01,1.000000000000000000e+00,3.409538862028636541e-01
9.999478349207392425e-01,1.000000000000000000e+00,4.156596447526516580e-01
1.000000000000000000e+00,9.984569854045934889e-01,3.484323086691691329e-01
1.000000000000000000e+00,1.000000000000000000e+00,2.699715693064611011e-01
9.992282094487865418e-01,1.000000000000000000e+00,2.499999936067855699e-01
9.986634720505638274e-01,9.978367640507195269e-01,2.265986955386758428e-01
9.989003404041131295e-01,1.000000000000000000e+00,3.195628677375792481e-01
1.000000000000000000e+00,9.993598684739026794e-01,2.397122323649182873e-01
9.997200754009569756e-01,1.000000000000000000e+00,2.926830132283494423e-01
9.996827817848089603e-01,9.990898210919075817e-01,2.984372618345850214e-01
1.000000000000000000e+00,1.000000000000000000e+00,2.294964019968202817e-01
9.996208482644451943e-01,1.000000000000000000e+00,3.227483217125422521e-01
1.000000000000000000e+00,1.000000000000000000e+00,1.146845745774464631e-01
9.995185185262267513e-01,1.000000000000000000e+00,3.177545337787458513e-01
9.998434934620348269e-01,9.999367380057998522e-01,4.108846705912557740e-01
1.000000000000000000e+00,1.000000000000000000e+00,2.726895061275527721e-01
1.000000000000000000e+00,1.000000000000000000e+00,4.017856491525424456e-01
9.992188018982902653e-01,1.000000000000000000e+00,2.583577956611223803e-01
9.995737412692221602e-01,1.000000000000000000e+00,1.742989812883170286e-01
1.000000000000000000e+00,1.000000000000000000e+00,2.380251623008473871e-01
1.000000000000000000e+00,1.000000000000000000e+00,3.011443139794383050e-01
9.989203814079633537e-01,9.988476684352171064e-01,4.214233937493960802e-01
9.994789351235474628e-01,1.000000000000000000e+00,3.541847643458462813e-01
1.000000000000000000e+00,9.998580468366794483e-01,3.356668281688348632e-01
1.000000000000000000e+00,9.993052508563442515e-01,2.368847679182852772e-01
9.993896206208929822e-01,1.000000000000000000e+00,3.986135161460749865e-01
1.000000000000000000e+00,1.000000000000000000e+00,3.834528046722124328e-01
9.998112214032064404e-01,1.000000000000000000e+00,2.948842775868603661e-01
1.000000000000000000e+00,9.999115779129555959e-01,2.499521069239290516e-01
1.000000000000000000e+00,9.996009536543600804e-01,2.831950307052363836e-01
1.000000000000000000e+00,9.996099066773123099e-01,1.383328926626602728e-01
1.000000000000000000e+00,9.995062582226510450e-01,3.212598550009735932e-01
1.000000000000000000e+00,9.979355071386408760e-01,4.490690559861951758e-01
9.984636229457544143e-01,1.000000000000000000e+00,2.112693215097641852e-01
1.000000000000000000e+00,9.993911561655247633e-01,2.684677862400227100e-01
9.986981537704352485e-01,9.993101818354654942e-01,1.963839218791293695e-01
9.976960833023162944e-01,1.000000000000000000e+00,3.397433312113324888e-01
9.988631086373975787e-01,1.000000000000000000e+00,3.734100747624701788e-01
1.000000000000000000e+00,9.994170463202469712e-01,2.831697139850199441e-01
9.983418693203820471e-01,1.000000000000000000e+00,2.619428204639209778e-01
9.993336169179682926e-01,1.000000000000000000e+00,2.999972306172487557e-01
1.000000000000000000e+00,1.000000000000000000e+00,3.266978133584649280e-01
1.000000000000000000e+00,1.000000000000000000e+00,2.367106069921338651e-01
1.000000000000000000e+00,1.000000000000000000e+00,2.067819298938408656e-01
1.000000000000000000e+00,9.999056484106831899e-01,3.207864495615661560e-01
1.000000000000000000e+00,1.000000000000000000e+00,3.131483934735136421e-01
9.997254836422763136e-01,1.000000000000000000e+00,3.468766305873983158e-01
1.000000000000000000e+00,1.000000000000000000e+00,3.602294803784218402e-01
1.000000000000000000e+00,9.977432765027020034e-01,3.030762983908374397e-01
1.000000000000000000e+00,9.992528116657956039e-01,2.172642432482310704e-01
1.000000000000000000e+00,1.000000000000000000e+00,2.305155345581065829e-01
9.995490655381943368e-01,1.000000000000000000e+00,2.435271993045540762e-01
9.989314906006842021e-01,9.983404492038103761e-01,3.441022881102488995e-01
1.000000000000000000e+00,1.000000000000000000e+00,3.261261643971458124e-01
1.000000000000000000e+00,1.000000000000000000e+00,3.251547197463331984e-01
9.996503455430065799e-01,0.000000000000000000e+00,7.166383654667812797e-01
9.986354681518972987e-01,1.437791473801578379e-03,8.895926696724034688e-01
1.000000000000000000e+00,6.522935999350191680e-04,8.755634490288510818e-01
1.000000000000000000e+00,4.779740040404866831e-04,1.000000000000000000e+00
9.999962291109134593e-01,0.000000000000000000e+00,6.295544484433526211e-01
1.000000000000000000e+00,0.000000000000000000e+00,5.710501543135051428e-01
1.000000000000000000e+00,1.906534935813993502e-04,7.158449519008759365e-01
9.997195582946835080e-01,1.128011331470006985e-03,7.963565072713262305e-01
1.000000000000000000e+00,0.000000000000000000e+00,9.325998021667937232e-01
9.993566855349368394e-01,0.000000000000000000e+00,7.367744146176455899e-01
9.991198210879189689e-01,2.069036761639717449e-04,1.000000000000000000e+00
1.000000000000000000e+00,0.000000000000000000e+00,1.000000000000000000e+00
1.000000000000000000e+00,0.000000000000000000e+00,9.381185824504514326e-01
9.983518650677921658e-01,1.471835007463586937e-03,9.311699467390669449e-01
1.000000000000000000e+00,0.000000000000000000e+00,7.152252210187888259e-01
1.000000000000000000e+00,1.616474188651032635e-03,8.124524081787370955e-01
9.988588981333421657e-01,0.000000000000000000e+00,8.890946231649533571e-01
1.000000000000000000e+00,0.000000000000000000e+00,4.706167100071046439e-01
9.996437071825274856e-01,0.000000000000000000e+00,9.556591873698144779e-01
9.991854801775119643e-01,0.000000000000000000e+00,1.000000000000000000e+00
1.000000000000000000e+00,1.850536710093415339e-04,7.350031510052077444e-01
1.000000000000000000e+00,0.000000000000000000e+00,1.000000000000000000e+00
9.993154988931406413e-01,0.000000000000000000e+00,7.899204776500216019e-01
9.984800051392339615e-01,0.000000000000000000e+00,6.764219750263578135e-01
9.994177754086018828e-01,0.000000000000000000e+00,4.230960753722333156e-01
1.000000000000000000e+00,0.000000000000000000e+00,1.000000000000000000e+00
1.000000000000000000e+00,0.000000000000000000e+00,7.284242339719932957e-01
1.000000000000000000e+00,0.000000000000000000e+00,8.529992050951926696e-01
9.997231280941536458e-01,0.000000000000000000e+00,1.000000000000000000e+00
9.991784142879499564e-01,0.000000000000000000e+00,9.284641698587358105e-01
9.999217398248381183e-01,0.000000000000000000e+00,7.450765296117944914e-01
1.000000000000000000e+00,1.159420516399913047e-03,8.203027952566630532e-01
1.000000000000000000e+00,0.000000000000000000e+00,7.095783564144708677e-01
1.000000000000000000e+00,9.646120137337284555e-04,6.601584641978059942e-01
9.991797521626750722e-01,1.054628463985013984e-03,7.668039972947774396e-01
9.996610958747838005e-01,0.000000000000000000e+00,6.590851207208228146e-01
1.000000000000000000e+00,4.688641879667956544e-04,3.664767166235425311e-01
1.000000000000000000e+00,5.060354096166589402e-05,7.086378893904080600e-01
9.998186615707819191e-01,4.391895218021479169e-04,9.299151392797069260e-01
1.000000000000000000e+00,0.000000000000000000e+00,8.405099992337536907e-01
9.997485155849782368e-01,2.288620040014528473e-03,8.950344821647781002e-01
1.000000000000000000e+00,5.394546333745013677e-04,1.000000000000000000e+00
9.990056056086842329e-01,0.000000000000000000e+00,8.793722245818309524e-01
9.988714059354851793e-01,8.824188185499185410e-04,4.983093442282905405e-01
9.989705611712169642e-01,0.000000000000000000e+00,6.529113373605592852e-01
9.991374039886713465e-01,4.243176209779014885e-04,9.167551766424519855e-01
9.994468679357921825e-01,0.000000000000000000e+00,1.000000000000000000e+00
1.000000000000000000e+00,0.000000000000000000e+00,7.546547496748433614e-01
9.987019780276735759e-01,0.000000000000000000e+00,8.117972173098046973e-01
1.000000000000000000e+00,7.392466628041513695e-05,2.396638223666014422e-01
1.000000000000000000e+00,1.018041875287364851e-03,8.426543983625788270e-01
9.989036531543339370e-01,3.424228053195386978e-05,6.741855130424743159e-01
1.000000000000000000e+00,3.474506524985632801e-04,7.900611816359977002e-01
1.000000000000000000e+00,1.567767724308454002e-03,1.000000000000000000e+00
9.986250359336067417e-01,0.000000000000000000e+00,5.016354248830160456e-01
1.000000000000000000e+00,1.968624689786020385e-03,9.962875668360118286e-01
9.989520278440316980e-01,0.000000000000000000e+00,7.130481537583343021e-01
1.000000000000000000e+00,0.000000000000000000e+00,6.926769823715515084e-01
1.000000000000000000e+00,1.681218215494433444e-03,9.175658056795414907e-01
9.990632575364645218e-01,8.887202573536307718e-04,7.005958255845982086e-01
9.991359476995020916e-01,2.369586905226603226e-03,4.808061743453321824e-01
9.987751294358061527e-01,0.000000000000000000e+00,1.000000000000000000e+00
1.000000000000000000e+00,1.279689173204239449e-03,7.338892769290399354e-01
1.000000000000000000e+00,1.822447837899429407e-04,7.952130375271232454e-01
1.000000000000000000e+00,0.000000000000000000e+00,7.667088623905073952e-01
1.000000000000000000e+00,0.000000000000000000e+00,7.915269399884411472e-01
1.000000000000000000e+00,0.000000000000000000e+00,8.294322183450438812e-01
9.998360714275471572e-01,6.319037580051672714e-04,5.241832043191925194e-01
1.000000000000000000e+00,0.000000000000000000e+00,7.279794507119351499e-01
1.000000000000000000e+00,0.000000000000000000e+00,8.734178971149644255e-01
1.125273061304263300e-01,1.000000000000000000e+00,3.527779701260781442e-01
6.331408251629768724e-01,9.998049303028477830e-01,1.087439547049643962e-01
0.000000000000000000e+00,9.998034425992703422e-01,7.957247309622208498e-01
4.805952865240021854e-01,9.999913721010815770e-01,5.273757969077847996e-01
4.812967900918625475e-01,1.000000000000000000e+00,4.721982099383665310e-01
4.552121409705481847e-01,9.994101201792645606e-01,6.106579507153534481e-01
1.396526040202655250e-01,1.000000000000000000e+00,4.978921727038085887e-01
4.876443250457531686e-01,1.000000000000000000e+00,6.899366887149519512e-01
3.967810856990505730e-02,9.992150424787585861e-01,5.168429581938698281e-01
1.637334097396419830e-01,1.000000000000000000e+00,5.779976769351169441e-01
3.325371325767474961e-01,1.000000000000000000e+00,3.843100630710889476e-01
4.814762334147816292e-01,1.000000000000000000e+00,4.670610287397162219e-01
2.131394860330192431e-01,9.996207644664635295e-01,7.873052578884290886e-01
2.177142455556119738e-01,1.000000000000000000e+00,5.922082840054001540e-01
4.889224250604295996e-02,9.995826811789673139e-01,3.682350369138455148e-01
2.166944320619459408e-01,1.000000000000000000e+00,7.448579908763874879e-01
2.160340105315397274e-01,1.000000000000000000e+00,6.297417918178729312e-01
2.830569570800831047e-01,1.000000000000000000e+00,4.531205537947772810e-01
2.196030868348537446e-01,9.991044440144477568e-01,8.631775560741388187e-01
3.704473414031647649e-01,9.997761564366861586e-01,6.001748101600126173e-01
5.842122343561770847e-01,1.000000000000000000e+00,6.151113746672417504e-01
3.703151735051181670e-01,1.000000000000000000e+00,3.385902772141472505e-01
2.184719131350355004e-01,1.000000000000000000e+00,5.385176085650380529e-01
6.232269275873407732e-01,1.000000000000000000e+00,6.924033631200350314e-01
2.153164381244664360e-01,1.000000000000000000e+00,4.387727596761848425e-01
3.393430646828490271e-01,1.000000000000000000e+00,3.828193289919272213e-01
2.414706986521231447e-01,9.997475033729222860e-01,3.279742825948567808e-01
6.727836938809311773e-01,1.000000000000000000e+00,5.244315198138431722e-01
7.059839391901886474e-01,1.000000000000000000e+00,3.729110821872090309e-01
8.665501219846513670e-02,9.989710645074042494e-01,7.334448842022852633e-01
2.181623523078962679e-01,9.984477568199505715e-01,4.638938123801358282e-01
0.000000000000000000e+00,9.996828393737063889e-01,1.784456040098474361e-01
4.435340084640611025e-01,9.995502878997670759e-01,4.454389031644725438e-01
1.035825678675073858e-01,1.000000000000000000e+00,3.742451541034180762e-01
2.830835537928155787e-02,1.000000000000000000e+00,6.005310522683429131e-01
4.124501357085070818e-01,1.000000000000000000e+00,4.434091259295103171e-01
2.207643636895415817e-01,9.989208052718866471e-01,6.525513305517441909e-01
7.337397150632352094e-02,1.000000000000000000e+00,9.775783733663919728e-01
0.000000000000000000e+00,1.000000000000000000e+00,6.664426903236633226e-01
4.234841969940066897e-01,1.000000000000000000e+00,5.272480269019697019e-01
7.136541807166796314e-01,9.996039134150425109e-01,4.922046508582343938e-01
4.143121443109344382e-01,9.992446043043358150e-01,7.825069894554714800e-01
3.560415803907411858e-01,1.000000000000000000e+00,2.658589134007454113e-01
3.978824858983157631e-01,1.000000000000000000e+00,0.000000000000000000e+00
7.511838559484089739e-01,9.990507535264409045e-01,7.991388115278269533e-02
0.000000000000000000e+00,1.000000000000000000e+00,6.094511656273188249e-01
4.408050911454085563e-01,1.000000000000000000e+00,2.587352678213093449e-01
5.308409797702785538e-01,1.000000000000000000e+00,6.166947413248974330e-01
1.006415466783511237e-02,9.989053616252869805e-01,6.722105935649862474e-01
7.054031251195516106e-01,9.990635542741680419e-01,7.388834760419107361e-01
5.238563035736140128e-01,9.997885029872671803e-01,6.867173046983136020e-01
3.251361545129352049e-01,1.000000000000000000e+00,7.507160637762370081e-01
4.940380927287895130e-01,1.000000000000000000e+00,7.463914560203757098e-01
1.258602865458121611e-01,9.989782094144104008e-01,6.293906204086601175e-01
1.774737887211741694e-01,1.000000000000000000e+00,5.879817246123147934e-01
2.927856640032373003e-01,1.000000000000000000e+00,4.383473014665428824e-01
3.743241822624948645e-02,9.987566806155439014e-01,5.886388449691529745e-01
5.473933080918691463e-01,1.000000000000000000e+00,4.305723089401888304e-01
1.169430487014511966e-01,1.000000000000000000e+00,6.266317615218284232e-01
3.553554419319575053e-01,9.994359914649253440e-01,0.000000000000000000e+00
1.084909800783013800e-01,1.000000000000000000e+00,7.717682321967012093e-01
0.000000000000000000e+00,9.982450138462570788e-01,6.221075237394362301e-01
1.821485301704191262e-01,9.994442130359162402e-01,4.558607261756771889e-01
4.433524753719830236e-01,1.000000000000000000e+00,6.101691262297145313e-01
4.976445729503630178e-01,1.000000000000000000e+00,5.570208649863895856e-01
6.686734441689494712e-01,1.000000000000000000e+00,6.416454084000750013e-01
2.066990365065707325e-01,4.022245978441402192e-01,1.777861632937807745e-01
9.548347107324001160e-02,4.159722024038778332e-01,7.022646860328787266e-01
3.883489236713180137e-01,4.462629235257226101e-01,2.878169274448230119e-01
1.211351922489577737e-01,2.515998924704984097e-01,5.416963427476813031e-01
5.006839414324786297e-01,5.947842957291158417e-01,1.089971079791988706e-01
2.556254332383567363e-01,6.830392311873381139e-01,4.702221977436812361e-01
1.085583076990359608e-03,6.048675267524009636e-01,3.926391479217676839e-01
5.933988516159977022e-02,6.457570576796192174e-01,4.287225587482711431e-01
5.848903732760928342e-01,5.092890322119861812e-01,2.258904424867075045e-01
1.967707380742537981e-01,1.959322043326500173e-01,6.313815541960021704e-01
4.420772438463992926e-01,4.157923439398606980e-01,3.609660298918350718e-01
3.721308061085994434e-01,8.533207748677268389e-01,6.129941683427975185e-01
4.484657937773733338e-01,2.750169649721093679e-01,6.924250602971114832e-01
3.507176209932597599e-01,5.963281117385785812e-01,7.401456255952854058e-01
2.876138459089377930e-01,7.757923472401484499e-01,6.370692243583041536e-01
1.000000000000000000e+00,9.992141961731685340e-01,3.255435932343744287e-01
9.995947959196768151e-01,9.990590823854245128e-01,5.971980657709792251e-01
1.000000000000000000e+00,1.000000000000000000e+00,4.631681700662391155e-01
9.993549447265397401e-01,1.000000000000000000e+00,5.551849543344705706e-01
9.995316147657226091e-01,1.000000000000000000e+00,3.857301973823455410e-01
9.983180782599265779e-01,1.000000000000000000e+00,2.766040551273077353e-01
1.000000000000000000e+00,9.999770402443917128e-01,6.667351571418940193e-01
1.000000000000000000e+00,1.000000000000000000e+00,5.365010783338065581e-01
9.996699648854893150e-01,9.996730374045952328e-01,6.388723854657969436e-01
1.000000000000000000e+00,9.986290109937085990e-01,2.027418471035107306e-01
9.999693981756611061e-01,9.990028820192079495e-01,4.892701248262488201e-01
9.991327233711911893e-01,9.999484250572298061e-01,5.487304985195605722e-01
9.995295668551531509e-01,1.000000000000000000e+00,6.660922912754961844e-01
1.000000000000000000e+00,9.997604172401433065e-01,4.912931586670941653e-01
9.995935845063234071e-01,9.978661317527951491e-01,3.916544595228231840e-01
1.000000000000000000e+00,9.992442597111050873e-01,5.673496015795900238e-01
1.000000000000000000e+00,9.999671912523859785e-01,6.512268392097971814e-01
1.000000000000000000e+00,1.000000000000000000e+00,7.121565470273305554e-01
1.000000000000000000e+00,1.000000000000000000e+00,6.938732252326395011e-01
9.999745947916146571e-01,1.000000000000000000e+00,5.994369594889527031e-01
9.999789379786575561e-01,9.998274955835068090e-01,3.642765993528127577e-01
1.000000000000000000e+00,9.997726072248785956e-01,5.232444955714105062e-01
1.000000000000000000e+00,9.996912487581630646e-01,5.555330163232561347e-01
1.000000000000000000e+00,9.989186239655415411e-01,4.077637493628483156e-01
9.993006195164118033e-01,1.000000000000000000e+00,5.746083978949121374e-01
1.000000000000000000e+00,1.000000000000000000e+00,6.981806544708349938e-01
9.986735383576339498e-01,1.000000000000000000e+00,5.305543992451970947e-01
1.000000000000000000e+00,9.999401053168833764e-01,6.836187981363075483e-01
9.990636014564472367e-01,1.000000000000000000e+00,6.530993985604208740e-01
1.000000000000000000e+00,9.997288298153623742e-01,6.174582614089940691e-01
9.990695915038885211e-01,9.995277528499117992e-01,6.357767877177087357e-01
9.980020439202497151e-01,1.000000000000000000e+00,5.646577132845045366e-01
9.974055754122315154e-01,1.000000000000000000e+00,6.673325264419222025e-01
1.000000000000000000e+00,1.000000000000000000e+00,5.991295675133866405e-01
1.000000000000000000e+00,9.998096884424056974e-01,4.828381448298942891e-01
1.000000000000000000e+00,1.000000000000000000e+00,2.635149144645948516e-01
1.000000000000000000e+00,9.986709371534600033e-01,3.934393340349838786e-01
1.000000000000000000e+00,9.989695617325839994e-01,7.494439905437784155e-01
1.000000000000000000e+00,9.990325538499493785e-01,7.231094996046116830e-01
1.000000000000000000e+00,9.996471833935053342e-01,5.780145828965850274e-01
9.986749859471129032e-01,9.987239246539934001e-01,7.339710812906458104e-01
9.976603751939796538e-01,9.999548659845676202e-01,5.072866421948798443e-01
9.996355187507591777e-01,1.000000000000000000e+00,5.798978929208526978e-01
1.000000000000000000e+00,9.984072292455822284e-01,3.164778553715459353e-01
1.000000000000000000e+00,1.000000000000000000e+00,4.917627731087985121e-01
9.983184232837323258e-01,1.000000000000000000e+00,6.648819976803537202e-01
9.996341512120827666e-01,1.000000000000000000e+00,6.576469179550332722e-01
9.972406448859780781e-01,9.995188848736108467e-01,3.426271209007997198e-01
9.997243993260156447e-01,9.997412835597698777e-01,5.494880729941301611e-01
1.000000000000000000e+00,9.994927610488900660e-01,3.219448245223065497e-01
9.985986551687077162e-01,9.997555565440380265e-01,6.810388142427896696e-01
9.997538522113148529e-01,9.994710563815830673e-01,6.000865584347981896e-01
9.976533529694731062e-01,1.000000000000000000e+00,4.080852730669036199e-01
9.990619074590940674e-01,1.000000000000000000e+00,7.310281980735136020e-01
1.000000000000000000e+00,9.991700138409185250e-01,4.935108243489876312e-01
9.984307403854637553e-01,9.999877680163608007e-01,5.495087221789346499e-01
1.000000000000000000e+00,9.992033278916350181e-01,4.341733383247086131e-01
9.986108546843217582e-01,9.997744183364308812e-01,3.922050591047461232e-01
1.000000000000000000e+00,1.000000000000000000e+00,2.346768403742984233e-01
1.000000000000000000e+00,1.000000000000000000e+00,6.684622690472807882e-01
1.000000000000000000e+00,1.000000000000000000e+00,4.840500012503155536e-01
9.995668920468483432e-01,1.000000000000000000e+00,3.777808644263069837e-01
9.986147384532774174e-01,9.992756314951296570e-01,5.994173555950678134e-01
9.998212071342664764e-01,9.995589670927265136e-01,5.839168793825179060e-01
9.997108794947208166e-01,9.997592124902576760e-01,6.587224099527460019e-01
9.999058076996895084e-01,1.000000000000000000e+00,4.760066621151620714e-01
9.994440373202898575e-01,1.000000000000000000e+00,7.112010755049134048e-01
9.998952859705664276e-01,1.000000000000000000e+00,4.037213176240561641e-01
9.994592264146993088e-01,9.997985200532952810e-01,5.038621894038051163e-01
9.997609663987528927e-01,1.000000000000000000e+00,8.122532135757597471e-01
9.998384407327615131e-01,9.983260142929889502e-01,6.890030760637053664e-01
1.000000000000000000e+00,1.000000000000000000e+00,3.025992199416350226e-01
9.997850344093736075e-01,1.000000000000000000e+00,5.044350884165654803e-01
9.992989586588345574e-01,9.989843347184576006e-01,5.235813866847190967e-01
9.982876947786564203e-01,1.000000000000000000e+00,6.011559943113604643e-01
1.000000000000000000e+00,1.000000000000000000e+00,6.576210483409901109e-01
1.000000000000000000e+00,1.000000000000000000e+00,3.698349262258953107e-01
1.000000000000000000e+00,1.000000000000000000e+00,5.174816950358508416e-01
9.990146824910598466e-01,9.989346845079016823e-01,4.245932639320543212e-01
1.000000000000000000e+00,9.995973744688696483e-01,4.226447368080720191e-01
9.993918435723990745e-01,9.996980107896421552e-01,2.866461964189587763e-01
9.995816019886905046e-01,9.985666474971176543e-01,3.701880599695029361e-01
9.999669102488608630e-01,1.000000000000000000e+00,4.725890553620781809e-01
1.000000000000000000e+00,1.000000000000000000e+00,6.669726020746191697e-01
9.968290252267094642e-01,9.989509068120796531e-01,5.617499632640035045e-01
9.987350166701434162e-01,1.000000000000000000e+00,5.096729666491285338e-01
9.997901505220766483e-01,1.000000000000000000e+00,5.835680585627133210e-01
1.000000000000000000e+00,9.997775368359910209e-01,7.252200101980892377e-01
9.999325077427588804e-01,9.996185837457904899e-01,5.234067522552046103e-01
9.995845993738284863e-01,9.997156854810017590e-01,5.357717208208936377e-01
1.000000000000000000e+00,1.000000000000000000e+00,6.936982943741699659e-01
9.990612531243173722e-01,9.999124685290780024e-01,7.541747914542685782e-01
1.000000000000000000e+00,1.000000000000000000e+00,4.467308550317564131e-01
1.000000000000000000e+00,1.000000000000000000e+00,4.887529052115031636e-01
1.000000000000000000e+00,1.000000000000000000e+00,4.482689722248576203e-01
1.000000000000000000e+00,1.000000000000000000e+00,6.588218960976179872e-01
1.000000000000000000e+00,9.999481796105172959e-01,4.361276910968388543e-01
1.000000000000000000e+00,1.000000000000000000e+00,5.730656094356818553e-01
9.992683410729692461e-01,1.000000000000000000e+00,2.142522344565040426e-01
9.993367419103205140e-01,9.996518307647578316e-01,5.481045314393060419e-01
9.984211348055831436e-01,1.000000000000000000e+00,7.047210060025674849e-01
1.000000000000000000e+00,1.000000000000000000e+00,6.581313123118283093e-01
9.987325883451809716e-01,9.994750821363538318e-01,4.976871149693498086e-01
9.987408328703888394e-01,1.000000000000000000e+00,4.629502560471823736e-01
9.974736317596436530e-01,1.000000000000000000e+00,4.321111998823401468e-01
9.996220898982611791e-01,1.000000000000000000e+00,2.714732165332791047e-01
9.992696482096226074e-01,1.000000000000000000e+00,3.386280181150975732e-01
1.000000000000000000e+00,1.000000000000000000e+00,3.717531044429611686e-01
9.990762034396857283e-01,9.995391855228508149e-01,3.993603341315138389e-01
1.000000000000000000e+00,1.000000000000000000e+00,5.582147145992133463e-01
9.991754427804354632e-01,9.999529339053411237e-01,7.109583396244680831e-01
1.000000000000000000e+00,1.000000000000000000e+00,4.581754547784028242e-01
9.985954544850599301e-01,9.999217888189074754e-01,5.055010625918561207e-01
1.000000000000000000e+00,1.000000000000000000e+00,5.161627605108333183e-01
9.992355025469661367e-01,1.000000000000000000e+00,3.093281358405844950e-01
1.000000000000000000e+00,1.000000000000000000e+00,5.786830803931107825e-01
1.000000000000000000e+00,1.000000000000000000e+00,3.541481355547872467e-01
9.994689574930215592e-01,9.997933094882915928e-01,7.689555136653010159e-01
9.999448286452193857e-01,9.986021037389128940e-01,5.021903745896165727e-01
1.000000000000000000e+00,9.983514959897314966e-01,4.931725679320395073e-01
9.990638708516885735e-01,9.985738412479804316e-01,6.069357701951634265e-01
9.996729337908786261e-01,9.991673492605351869e-01,4.359893415860079946e-01
9.997601328941043697e-01,9.996222408302689599e-01,2.923212799390015881e-01
1.000000000000000000e+00,9.998071360444492628e-01,5.142760732898055132e-01
9.981780849021392177e-01,1.000000000000000000e+00,4.220790300139252160e-01
9.997533978137382871e-01,9.995790817158239916e-01,5.496361533588386417e-01
9.980949363594396884e-01,9.990078631714811586e-01,6.325175780178904361e-01
1.000000000000000000e+00,1.000000000000000000e+00,5.404613915245536360e-01
9.997490018839912951e-01,1.000000000000000000e+00,8.234492711224875583e-01
1.000000000000000000e+00,9.990399522588497838e-01,3.792620128546209113e-01
1.000000000000000000e+00,9.988760946943852082e-01,5.799566959427913115e-01
9.989624143329490780e-01,9.986074815505653346e-01,6.151053774369703575e-01
1.000000000000000000e+00,1.000000000000000000e+00,5.354019002008252315e-01
1.000000000000000000e+00,1.000000000000000000e+00,4.493545831921672007e-01
1.000000000000000000e+00,9.993520322089898267e-01,2.993714524200312144e-01
1.000000000000000000e+00,9.991290382178280582e-01,7.212676704899909641e-01
9.994634034794328548e-01,9.993835406873735616e-01,3.428796356040089144e-01
9.991194888008225750e-01,9.998085491279757875e-01,4.772388457770604941e-01
9.992480534123224789e-01,9.999140480265652497e-01,6.066727675767942252e-01
1.000000000000000000e+00,1.000000000000000000e+00,4.533808763020249488e-01
9.982253414390263035e-01,1.000000000000000000e+00,5.001318644072073605e-01
9.992305698218223453e-01,1.000000000000000000e+00,5.974898794457647044e-01
1.000000000000000000e+00,1.000000000000000000e+00,4.884165833331468032e-01
9.995209047759013865e-01,9.989609035596213049e-01,4.927902536603869232e-01
1.000000000000000000e+00,9.982632250430228948e-01,6.555213052786416084e-01
9.997741595213970323e-01,9.990394427755424633e-01,7.767751439806052094e-01
9.976792001607193150e-01,1.000000000000000000e+00,6.210541107376197356e-01
9.996821149027614872e-01,9.994657988291538731e-01,5.205863508869770229e-01
9.992675759902447385e-01,9.994599055394748355e-01,4.727003164404111057e-01
1.000000000000000000e+00,1.000000000000000000e+00,5.947873662420184449e-01
9.989549766244969486e-01,9.997288872035529073e-01,6.558409631722610378e-01
1.000000000000000000e+00,1.000000000000000000e+00,4.479474815744526883e-01
1.000000000000000000e+00,9.988482660252188117e-01,9.568352639559155604e-01
1.000000000000000000e+00,9.998684260320915840e-01,6.058264261051758970e-01
9.994946130614222879e-01,9.979765280502297387e-01,5.909530389815713658e-01
9.977563981054170528e-01,1.000000000000000000e+00,4.840884712552387392e-01
1.000000000000000000e+00,9.980776752445552624e-01,7.526765559468516775e-01
1.000000000000000000e+00,9.983819457309994760e-01,3.264187625762271505e-01
1.000000000000000000e+00,9.994525194278950364e-01,4.745432471641154448e-01
9.994589917800398293e-01,1.000000000000000000e+00,7.566438900224183861e-01
9.990332319888332036e-01,1.000000000000000000e+00,5.510627295622148036e-01
1.000000000000000000e+00,1.000000000000000000e+00,4.616586421709806265e-01
9.999007951374682124e-01,1.000000000000000000e+00,4.593686418338762678e-01
1.000000000000000000e+00,9.994976717599248772e-01,3.006558135118593267e-01
9.983914778440509119e-01,1.000000000000000000e+00,5.140194716499310035e-01
9.996922674253202468e-01,9.997927292530260912e-01,6.228748281543676768e-01
1.000000000000000000e+00,1.000000000000000000e+00,5.142320943222012941e-01
1.000000000000000000e+00,9.996805681666681709e-01,6.064120104224656194e-01
1.000000000000000000e+00,1.000000000000000000e+00,6.824945917168774301e-01
1.000000000000000000e+00,9.994871635424068534e-01,6.088424718932732294e-01
1.000000000000000000e+00,1.000000000000000000e+00,4.473946242996821865e-01
9.993748813435658906e-01,1.000000000000000000e+00,5.906914206902657005e-01
1.000000000000000000e+00,1.000000000000000000e+00,6.608586418753974456e-01
1.000000000000000000e+00,1.000000000000000000e+00,7.337740814432255343e-01
1.000000000000000000e+00,1.000000000000000000e+00,5.967364343027213858e-01
1.000000000000000000e+00,9.986913312476475291e-01,5.714038065535174127e-01
9.992258393901808367e-01,9.996535055579929274e-01,3.656212937169549537e-01
9.998660870773842246e-01,9.998950928349141787e-01,6.549599440353109925e-01
1.000000000000000000e+00,1.000000000000000000e+00,6.305685846365832736e-01
9.986537789267773135e-01,1.000000000000000000e+00,3.127373567579310731e-01
9.993774808596946890e-01,1.000000000000000000e+00,6.086943344535616918e-01
1.000000000000000000e+00,9.994315410810753475e-01,6.333668660971341069e-01
9.991686489420148476e-01,1.000000000000000000e+00,4.658250326496228277e-01
9.973570642789849616e-01,1.000000000000000000e+00,4.646873767371041963e-01
9.983997321812508874e-01,9.977095329294691783e-01,4.568273236584713404e-01
1.000000000000000000e+00,1.000000000000000000e+00,5.666951910870149378e-01
9.997532339760196729e-01,1.000000000000000000e+00,8.140544455361677922e-01
9.991179434006366433e-01,1.000000000000000000e+00,3.082432259811683783e-01
1.000000000000000000e+00,1.000000000000000000e+00,7.270239282597256159e-01
9.990376582551853124e-01,9.995426903532789176e-01,4.821951491777975440e-01
9.996096350564910304e-01,9.997568317845971775e-01,4.220543262572767351e-01
9.992252716809325586e-01,1.000000000000000000e+00,2.988122598643591088e-01
1.000000000000000000e+00,9.995886657571020351e-01,8.107560146272916324e-01
9.998353561904732567e-01,9.989599137549459718e-01,5.378466559064355446e-01
9.996109060311338945e-01,9.985262351848612772e-01,4.048195091827012648e-01
1.000000000000000000e+00,1.000000000000000000e+00,3.617359222740703650e-01
9.995859086462061116e-01,9.989570224053533343e-01,6.170029123633833379e-01
9.989584316111810303e-01,9.998453311663533238e-01,6.146841058063449159e-01
9.998680882442122497e-01,1.000000000000000000e+00,5.441526186416284494e-01
1.000000000000000000e+00,9.992312293556001590e-01,8.367432534124042975e-01
1.000000000000000000e+00,9.991243043212201247e-01,6.089682758632042336e-01
1.000000000000000000e+00,1.000000000000000000e+00,2.447692194766495355e-01
9.975487702809245905e-01,9.992913047268892068e-01,3.843161040001238371e-01
1.000000000000000000e+00,1.000000000000000000e+00,5.700669588197452287e-01
1.000000000000000000e+00,1.000000000000000000e+00,5.882883398793086194e-01
1.000000000000000000e+00,9.983393924401051667e-01,8.011165980014169907e-01
1.000000000000000000e+00,1.000000000000000000e+00,9.605796770694574604e-01
1.000000000000000000e+00,9.989016964592671854e-01,7.114939405711314668e-01
9.997139874730215370e-01,9.993896082356942268e-01,5.344080866693067255e-01
1.000000000000000000e+00,1.000000000000000000e+00,3.907453959958709921e-01
1.000000000000000000e+00,1.000000000000000000e+00,4.378602107049771042e-01
9.990638924498900231e-01,1.000000000000000000e+00,4.627250819001195170e-01
9.995933429125327674e-01,1.000000000000000000e+00,4.162752529454687989e-01
1.000000000000000000e+00,9.998525655983486748e-01,3.571153581975790026e-01
9.994573892165008466e-01,9.993645754734457043e-01,4.056933181535703481e-01
9.991190624389186814e-01,1.000000000000000000e+00,4.303285137190977494e-01
9.998072710034999755e-01,9.995633615253703974e-01,2.657141759103982537e-01
9.993482187382990434e-01,9.996617745263145505e-01,4.332675694111291498e-01
1.000000000000000000e+00,1.000000000000000000e+00,5.380124743797026765e-01
1.000000000000000000e+00,1.000000000000000000e+00,6.886807450648273488e-01
1.000000000000000000e+00,9.992459043363434157e-01,2.727777296819950958e-01
1.000000000000000000e+00,9.998874424690932239e-01,5.970738192434761338e-01
1.000000000000000000e+00,9.992223958620967128e-01,5.280581020039770701e-01
1.000000000000000000e+00,9.991135084606400651e-01,4.875901905725569807e-01
1.000000000000000000e+00,1.000000000000000000e+00,4.953107983045882956e-01
9.998262881470126873e-01,1.000000000000000000e+00,5.871772367963125072e-01
9.995012730416877877e-01,9.998536955539986115e-01,4.528449798732093745e-01
9.995829564970321046e-01,1.000000000000000000e+00,6.494545989104338890e-01
9.986519642195749169e-01,9.999501427333998826e-01,4.345573153190478988e-01
1.000000000000000000e+00,9.973194291592306637e-01,4.014266327322579819e-01
1.000000000000000000e+00,1.000000000000000000e+00,6.887797777444468750e-01
9.986814489819088037e-01,1.000000000000000000e+00,4.664871586562404637e-01
1.000000000000000000e+00,1.000000000000000000e+00,5.743007500130983267e-01
1.000000000000000000e+00,9.999867602323321281e-01,5.554501549809987004e-01
1.000000000000000000e+00,1.000000000000000000e+00,4.871314749780790709e-01
9.998028189448022740e-01,9.999013325461838519e-01,4.555906577211079056e-01
1.000000000000000000e+00,1.000000000000000000e+00,3.786185433738460393e-01
1.000000000000000000e+00,1.000000000000000000e+00,3.487471629813209129e-01
9.998947678629404034e-01,9.997617998079776358e-01,4.149667798700913957e-01
1.000000000000000000e+00,9.999687324529721311e-01,5.520490060757818895e-01
1.000000000000000000e+00,1.000000000000000000e+00,3.339430726323143750e-01
9.977679836104744737e-01,9.999724902979698626e-01,2.677764662166378096e-01
1.000000000000000000e+00,9.986325850175394869e-01,5.540566286887779190e-01
9.991555456933950419e-01,1.000000000000000000e+00,5.150770267580675466e-01
1.000000000000000000e+00,9.997162304456163051e-01,7.210365326835529443e-01
1.000000000000000000e+00,1.000000000000000000e+00,7.127975284778822473e-01
9.990827784578838466e-01,1.000000000000000000e+00,2.758880718298084012e-01
9.991232732263083394e-01,1.000000000000000000e+00,9.399818038051248603e-01
9.990505944762055890e-01,1.000000000000000000e+00,9.709084496357794913e-01
1.000000000000000000e+00,9.988506206166316570e-01,9.426096799527228232e-01
9.999559777238233860e-01,9.993569454546594732e-01,9.083036004308510103e-01
9.997874129535612164e-01,9.984529685030079094e-01,8.823298276190540967e-01
9.997219189520308857e-01,1.000000000000000000e+00,9.402717011261552127e-01
9.984122384762533775e-01,1.000000000000000000e+00,9.214730953275510617e-01
9.990032403571789121e-01,1.000000000000000000e+00,1.000000000000000000e+00
1.000000000000000000e+00,9.999208782760692360e-01,9.263076886071335281e-01
1.000000000000000000e+00,1.000000000000000000e+00,8.588939066232814668e-01
1.000000000000000000e+00,1.000000000000000000e+00,9.272937150736362266e-01
9.992425316699373727e-01,1.000000000000000000e+00,7.681049380820528238e-01
1.000000000000000000e+00,1.000000000000000000e+00,8.242745256631270889e-01
9.991093283185673579e-01,9.994870831531710298e-01,8.791822925208692130e-01
1.000000000000000000e+00,9.995229319076419650e-01,1.000000000000000000e+00
9.974597683792395530e-01,9.990734416990316724e-01,9.666880380825455532e-01
1.000000000000000000e+00,1.000000000000000000e+00,8.850229828066012994e-01
9.988722163698710022e-01,9.991188689028991377e-01,9.133346980065976117e-01
1.000000000000000000e+00,9.985878483017001095e-01,8.425920025403461633e-01
1.000000000000000000e+00,0.000000000000000000e+00,2.385825443242565458e-01
9.991784501743968816e-01,0.000000000000000000e+00,4.162784789913327455e-01
1.000000000000000000e+00,5.319746390071912901e-04,2.143479915509237388e-01
9.985276770715335592e-01,0.000000000000000000e+00,4.234262475078943710e-01
9.982025441956331457e-01,2.211304333239493165e-03,5.697944352599499940e-01
9.994356820903175231e-01,0.000000000000000000e+00,2.843585949190186035e-01
1.000000000000000000e+00,1.614249547280227539e-03,4.707534439034616880e-01
9.988803717663194970e-01,0.000000000000000000e+00,5.141112342655106415e-01
9.999382566985420828e-01,1.548066801378738611e-03,3.228652744669380792e-01
1.000000000000000000e+00,0.000000000000000000e+00,3.733982026567385648e-01
1.000000000000000000e+00,1.414874135922422399e-03,2.483415858587984804e-01
1.000000000000000000e+00,4.428461137467390191e-04,4.066824260420000559e-01
9.991311374531340883e-01,0.000000000000000000e+00,3.882198964971342869e-01
9.990437415775677010e-01,0.000000000000000000e+00,5.327096329626350713e-01
9.999516553762202165e-01,1.329141282745553362e-03,4.618750775999228564e-01
1.000000000000000000e+00,4.038960208359738393e-04,3.501107393994374872e-01
1.000000000000000000e+00,3.822027877852935936e-04,2.282612333630276991e-01
9.998132908881902647e-01,9.909091736848452559e-04,6.056547855965371818e-01
9.991648073098085003e-01,8.065637678962596499e-04,1.946709508354998175e-01
9.990891496223613943e-01,1.148350580691126282e-03,3.012095724038258981e-01
1.000000000000000000e+00,3.358447214053130012e-04,6.405012771084827028e-01
9.982236113836534530e-01,0.000000000000000000e+00,4.822941178728043510e-01
1.000000000000000000e+00,5.680073592264201334e-04,4.690504914031773942e-01
9.999179658468545506e-01,1.892210388219473622e-05,3.192899221089902095e-01
9.982697239384499266e-01,1.013972154112161321e-03,2.997052068830919902e-01
1.000000000000000000e+00,3.843234052112453085e-04,5.229408778428424887e-01
1.000000000000000000e+00,1.014071466682110099e-04,2.927515639874556097e-01
1.000000000000000000e+00,1.005812087289631955e-04,5.335303639514837881e-01
1.000000000000000000e+00,2.190898013239840365e-03,4.503679272504007014e-01
9.996092020039190063e-01,2.523314313845212648e-04,4.255603430264113252e-01
9.983952614701390171e-01,0.000000000000000000e+00,6.126319013388044077e-01
1.000000000000000000e+00,2.153119792570582728e-03,6.485691825352302153e-01
9.993529464736172763e-01,6.572676903047773231e-04,4.542034811589259480e-01
1.000000000000000000e+00,3.890870585621503109e-05,4.626519794304879141e-01
1.000000000000000000e+00,0.000000000000000000e+00,2.129408801562176490e-01
1.000000000000000000e+00,0.000000000000000000e+00,3.403644787244162750e-01
9.983076295625259444e-01,0.000000000000000000e+00,4.434279929862282033e-01
9.997012403994300911e-01,6.991361537186937484e-04,5.432447814023654287e-01
9.991641439325184004e-01,0.000000000000000000e+00,2.787560799310755955e-01
9.989486096013399097e-01,0.000000000000000000e+00,3.018805964719065704e-01
9.991603675528267781e-01,6.079925094063972886e-04,4.735408932139903992e-01
9.990597297640427810e-01,1.561279598955807096e-03,2.403422133977762831e-01
1.000000000000000000e+00,2.130171674298873613e-04,3.426245781468966745e-01
9.995990138421035898e-01,4.607943277012555559e-04,4.009101395598893003e-01
1.000000000000000000e+00,1.426316860787027333e-03,2.976817230397627023e-01
1.000000000000000000e+00,1.418066391534544639e-04,6.828299454839215077e-01
1.000000000000000000e+00,0.000000000000000000e+00,4.892889105657142745e-01
9.991016780285679744e-01,0.000000000000000000e+00,4.242928211231599134e-01
1.000000000000000000e+00,0.000000000000000000e+00,5.537437992983131885e-01
9.981611533962414518e-01,0.000000000000000000e+00,2.026036416996109257e-01
1.000000000000000000e+00,0.000000000000000000e+00,7.219340004123209198e-01
9.986084947305957638e-01,9.341797484997249167e-04,6.428710063480184145e-01
9.996583219024041123e-01,1.841812647035463040e-04,5.634123749382763391e-01
9.991140335179590215e-01,1.279812020628022040e-03,4.414312934445888126e-01
9.982028353846044144e-01,0.000000000000000000e+00,4.958134381950243252e-01
1.000000000000000000e+00,1.932135532336964521e-04,3.220742436344576354e-01
9.991847243388635169e-01,5.972125044034250207e-04,5.825207117333388585e-01
9.989936344783214572e-01,2.152404676396114751e-04,6.980277651840064435e-01
1.000000000000000000e+00,8.962484253561593542e-04,4.115111824884351011e-01
1.000000000000000000e+00,1.103693957462150354e-03,5.659912080127713629e-01
1.000000000000000000e+00,1.354546631899805468e-04,3.140670688983112635e-01
9.998651775489056925e-01,0.000000000000000000e+00,7.064223627412349327e-01
9.975624356408006044e-01,3.351056201959988707e-04,3.535775713639993656e-01
9.981552988363719958e-01,1.374848733553365708e-05,5.989241804648210987e-01
9.984085521245419370e-01,6.089623416545242264e-04,3.857770445722196184e-01
9.994440149681210750e-01,0.000000000000000000e+00,4.383888694007105902e-01
9.995292575018173142e-01,1.834502535815762969e-04,4.417847199938276237e-01
9.997210857248967075e-01,8.179776072548057986e-04,4.773167119136366154e-01
9.995712979344141269e-01,1.462214170780419412e-03,6.446490227291229447e-01
9.998734306683606521e-01,0.000000000000000000e+00,3.458162376117644987e-01
9.984903383939317534e-01,7.790512201329915934e-04,3.854413542942295434e-01
9.992696429044420903e-01,9.687443931111454224e-04,3.978668779155357105e-01
1.000000000000000000e+00,0.000000000000000000e+00,3.278347928265568645e-01
9.991961495959684747e-01,0.000000000000000000e+00,3.299847453781759588e-01
1.000000000000000000e+00,0.000000000000000000e+00,3.261115301461629534e-01
9.985486615018089873e-01,0.000000000000000000e+00,3.948442258599681454e-01
1.000000000000000000e+00,4.253907402979072090e-05,4.410798759462657981e-01
9.989493461634124660e-01,0.000000000000000000e+00,4.512734751959447954e-01
9.996298358354862579e-01,0.000000000000000000e+00,3.937425019231888812e-01
9.998575545824905930e-01,5.383296032761768863e-04,2.994023472143932385e-01
1.000000000000000000e+00,0.000000000000000000e+00,4.089915330014562422e-01
1.000000000000000000e+00,0.000000000000000000e+00,5.082509847555751747e-01
9.997287926601098329e-01,0.000000000000000000e+00,2.408457339687320176e-01
1.000000000000000000e+00,1.897026120799957447e-04,2.477170179905937020e-01
1.000000000000000000e+00,0.000000000000000000e+00,4.476902824165491235e-01
9.995744577872285319e-01,2.776213162550148625e-05,4.531900551154920964e-01
9.994713293410645294e-01,4.563633634807853952e-04,6.432638619218928877e-01
9.993917088499184587e-01,0.000000000000000000e+00,4.223272777665464384e-01
1.000000000000000000e+00,0.000000000000000000e+00,3.453996051383729782e-01
9.993298741022726972e-01,5.541275783267697900e-04,3.958957401439842649e-01
1.000000000000000000e+00,0.000000000000000000e+00,4.292069229950575826e-01
9.983582967711902567e-01,0.000000000000000000e+00,4.020505901410711957e-01
9.999842207828789631e-01,0.000000000000000000e+00,4.777311771712351995e-01
1.000000000000000000e+00,9.541895808987649981e-04,3.669153082757341533e-01
1.000000000000000000e+00,0.000000000000000000e+00,5.025032004516007955e-01
1.000000000000000000e+00,0.000000000000000000e+00,6.855537224037344668e-01
9.996020879014091420e-01,1.398562092125535611e-03,1.997684858255736329e-01
1.000000000000000000e+00,0.000000000000000000e+00,5.509318224057568880e-01
1.000000000000000000e+00,5.456573234700275209e-04,3.863895535388016111e-01
9.983519537936338395e-01,1.685792302659303629e-03,4.010323216636299537e-01
9.999701438783635821e-01,9.106456722299703307e-04,4.810592938210425107e-01
9.987723635795895394e-01,0.000000000000000000e+00,4.208591203020595195e-01
1.000000000000000000e+00,5.127175234723987734e-04,4.434293480699956769e-01
9.997207033307216051e-01,0.000000000000000000e+00,3.986055511516531369e-01
1.000000000000000000e+00,0.000000000000000000e+00,6.195480447279662073e-01
1.000000000000000000e+00,1.455807951836843436e-03,3.905941359882096897e-01
1.000000000000000000e+00,0.000000000000000000e+00,6.523541586375407597e-01
9.983586513911769655e-01,1.390533967073938077e-03,4.783653041325715005e-01
9.995042045054547408e-01,6.606026178649259046e-05,4.155356287286324779e-01
1.000000000000000000e+00,0.000000000000000000e+00,6.136033981894769562e-01
1.000000000000000000e+00,9.508336970037996154e-04,5.901520639865601714e-01
1.000000000000000000e+00,0.000000000000000000e+00,2.843206665467325478e-01
9.995325589903740759e-01,1.307183845081257532e-03,5.357661487675432488e-01
9.991903734239598878e-01,8.591041927855306692e-04,3.137131667743727759e-01
1.000000000000000000e+00,1.199736176415037818e-03,5.640341094365087793e-01
1.000000000000000000e+00,4.108222614387956658e-05,3.862873864737784158e-01
9.990093290693728978e-01,2.198296338670492449e-03,4.393944046528088787e-01
9.994104200774547309e-01,0.000000000000000000e+00,2.931332673984447523e-01
9.993467152980720636e-01,0.000000000000000000e+00,1.232750881877360261e-01
9.987597836635921933e-01,4.178005832060814281e-04,4.492613785852140884e-01
9.997917148969049927e-01,1.802242229790547174e-03,5.678958450926580026e-01
1.000000000000000000e+00,1.989894944051877443e-04,6.652705508120988487e-01
1.000000000000000000e+00,0.000000000000000000e+00,5.992648181747449732e-01
9.999631164691549223e-01,3.054658104061688790e-05,5.901733010385559197e-01
1.000000000000000000e+00,0.000000000000000000e+00,6.212838690582876966e-01
9.999798708961225024e-01,0.000000000000000000e+00,4.846567248141332995e-01
9.991912824680204697e-01,4.328376214999939283e-04,5.498407538907518211e-01
1.000000000000000000e+00,0.000000000000000000e+00,2.784826065917346272e-01
9.994018495474835673e-01,0.000000000000000000e+00,4.148274698390904680e-01
9.999599812746483574e-01,4.178537032173259896e-04,2.184223823941898457e-01
1.000000000000000000e+00,2.862050418778281925e-05,2.560040486478253330e-01
9.996765425275165873e-01,1.315137665720972349e-03,3.310731723632469037e-01
1.000000000000000000e+00,9.775080242218528827e-05,4.664909302980306816e-01
9.986890296295587444e-01,0.000000000000000000e+00,4.608021956958454068e-01
1.000000000000000000e+00,0.000000000000000000e+00,2.165621914140348769e-01
9.992961409640095383e-01,0.000000000000000000e+00,2.995295553194138871e-01
1.000000000000000000e+00,0.000000000000000000e+00,3.266185040925823624e-01
9.990101774504528409e-01,3.711725526490392327e-04,5.720967155084316635e-01
1.000000000000000000e+00,6.888966666079323047e-04,5.308671016716630664e-01
9.995771814253230358e-01,5.190678088188257489e-01,3.865215688754004564e-01
1.000000000000000000e+00,9.961276253426479821e-01,3.523026361360934722e-01
9.988063883192505044e-01,2.735144286272042091e-01,3.184606240865240911e-01
1.000000000000000000e+00,4.141077675267277325e-01,2.401528299565477420e-01
1.000000000000000000e+00,1.992533501494609116e-01,3.400689291301690620e-01
1.000000000000000000e+00,2.603613847649242086e-01,3.540774556293424524e-01
9.993866737736709638e-01,1.496450185895663587e-01,4.891612653889209628e-01
9.988168804426679204e-01,4.631406306465141176e-01,4.651564910016859899e-01
9.998593280966917574e-01,2.570508171042135692e-01,2.178912696612611000e-01
9.997599430707029278e-01,5.408084749243671219e-01,3.022659244150601721e-01
9.987270462510797753e-01,3.787401534787008806e-01,2.815706922421275515e-01
1.000000000000000000e+00,7.267234757478211460e-01,3.763459071218665519e-01
9.991216962422670989e-01,3.227798635471732513e-01,2.454970611129099201e-01
1.000000000000000000e+00,3.853952822862184435e-01,3.502936152399307446e-01
9.994164300730903339e-01,5.259349290402078880e-01,3.381558514697781126e-01
9.990239624746307667e-01,0.000000000000000000e+00,3.796889897609953546e-01
1.000000000000000000e+00,6.887356583367232332e-01,1.816174690312164774e-01
1.000000000000000000e+00,6.362266199160415692e-01,4.539704423233791308e-01
9.999572202801161325e-01,1.461995173424214256e-01,4.828307816174288725e-01
9.994615629996451700e-01,3.047922009774680641e-01,3.259879944319715173e-01
9.994950300185367897e-01,3.079199317086261378e-01,3.193455788865405265e-01
9.996742003863590131e-01,7.698805503655953286e-02,4.129223915593520644e-01
1.000000000000000000e+00,3.710527868128119522e-01,2.306329180706913895e-01
1.000000000000000000e+00,3.313294904267337637e-01,1.988638155020391873e-01
1.000000000000000000e+00,1.677187480032464872e-01,5.224330486601791446e-01
1.000000000000000000e+00,9.024226289795228562e-02,3.237560793305152562e-01
1.000000000000000000e+00,4.280295649586109974e-01,4.274130921965988983e-01
9.994292114706181396e-01,3.084803120864682002e-01,2.407960781207891532e-01
9.996258449140288382e-01,1.073538871654705074e-01,3.429251848250673418e-01
9.984883606501153697e-01,3.181490075469869949e-01,2.541172008085772482e-01
9.999267145679919810e-01,8.019778179176501043e-02,4.116596248397189073e-01
9.982891634174529960e-01,4.846611908255996082e-01,2.608731787414230729e-01
1.000000000000000000e+00,5.588971895211634067e-01,2.742962365881160269e-01
1.000000000000000000e+00,3.235600507997408726e-01,1.000000000000000000e+00
9.994951845436590432e-01,6.539276211118197901e-01,3.242008333914715434e-01
1.000000000000000000e+00,5.168685269133984628e-01,2.803396724850427679e-01
9.995839003655837551e-01,4.874117557206772977e-01,8.918975424103219307e-01
1.000000000000000000e+00,3.753200070151545553e-01,5.713927773197274851e-01
1.000000000000000000e+00,6.059247191404573130e-01,4.771826000484228336e-01
1.000000000000000000e+00,7.251502887923122476e-01,2.403820672411239867e-01
9.989776076775574998e-01,2.857122445816153711e-01,6.205450299943228165e-01
1.000000000000000000e+00,4.378994010582962226e-01,6.733447281414486341e-01
1.000000000000000000e+00,5.857768369318138157e-01,4.994898124455828814e-01
1.000000000000000000e+00,4.160073840261178102e-01,1.000000000000000000e+00
1.000000000000000000e+00,4.511752350223633967e-01,3.452580762589855246e-01
1.000000000000000000e+00,2.531222931266716714e-01,7.989006728505538835e-01
1.000000000000000000e+00,5.049755417909775890e-01,3.313687795171189610e-01
1.000000000000000000e+00,4.415599256203251444e-01,7.872445295560415168e-01
1.000000000000000000e+00,4.165379887421150062e-01,9.005531982901364696e-01
9.998951721971723883e-01,1.622361162855460170e-01,5.891924724920076795e-01
1.000000000000000000e+00,3.751297195490302383e-01,7.612026258876792850e-01
9.997477292193874820e-01,2.425687211604690141e-01,5.300260363976100342e-01
1.000000000000000000e+00,5.694357868214101615e-01,7.066769347044932204e-02
9.989058330085556214e-01,3.142415349008126357e-01,2.992092012316924787e-01
9.988681880431711235e-01,3.349265592426997618e-01,7.656848077452391710e-01
1.000000000000000000e+00,3.366019919417019279e-01,9.080294629033105469e-01
9.987494301674560981e-01,4.919303879074101715e-01,8.039514516470773753e-01
1.000000000000000000e+00,5.336508846535473749e-01,6.571184000000830361e-01
9.986559256253261241e-01,4.296821503710406831e-01,5.159536091174723449e-01
1.000000000000000000e+00,6.963875441000753064e-01,5.608934992819020193e-01
9.982654278250758795e-01,6.175884667207542922e-01,3.856147142149961016e-01
1.000000000000000000e+00,2.165442562562437390e-01,7.085855450549505274e-01
1.000000000000000000e+00,1.861614771270828361e-01,5.525890974554416024e-01
9.992461343164372733e-01,4.139791602702920237e-01,3.472435303489816438e-01
9.995757473818986938e-01,3.665658806176887996e-01,7.318198556027193380e-01
1.000000000000000000e+00,6.701112158337385605e-02,5.755057298602168636e-01
1.000000000000000000e+00,5.509081782053426579e-01,6.812737341216579257e-01
1.000000000000000000e+00,6.181916445903647972e-01,2.117067257252118750e-01
1.000000000000000000e+00,1.629858130120279691e-01,4.667119206847313850e-01
1.000000000000000000e+00,5.482602339501219113e-01,4.452000460183291319e-01
1.000000000000000000e+00,3.062658246429399433e-01,3.534608561628779233e-01
9.988964962332711472e-01,5.331072241459907657e-01,7.849105672514086196e-01
9.985900478616034359e-01,6.628628472743237632e-01,8.021603838672787257e-01
9.998165713533320176e-01,1.569216275386710047e-01,7.444265644186977005e-01
9.996344085397749213e-01,5.374549417927476647e-01,5.337674770685745251e-01
9.984429899584673640e-01,1.600505093573015292e-01,8.173642200222784870e-01
1.000000000000000000e+00,8.290674284293794161e-01,5.339402401714903323e-01
1.000000000000000000e+00,3.168619815934604622e-01,5.395749000964945585e-01
9.988358482337745814e-01,2.701663328801905406e-01,5.898696517501850201e-01
1.000000000000000000e+00,2.729994711648328631e-01,5.287243476173629775e-01
5.712519368899854344e-02,4.885662207546257992e-04,7.412903054948541959e-01
2.880190314294924780e-01,0.000000000000000000e+00,5.115813282928278749e-01
0.000000000000000000e+00,0.000000000000000000e+00,6.582548048883017922e-01
1.850260388885308915e-01,1.884490821300682469e-04,9.367671119999063656e-01
1.442110043013483389e-01,2.876102659000990912e-06,7.989693158664754602e-01
1.131256272824142928e-01,0.000000000000000000e+00,5.663293978370957937e-01
2.226554352556942562e-01,0.000000000000000000e+00,3.852612180670917374e-01
3.714472998890594457e-01,0.000000000000000000e+00,5.967339364098783738e-01
0.000000000000000000e+00,0.000000000000000000e+00,6.499337786995411648e-01
0.000000000000000000e+00,0.000000000000000000e+00,8.035314254847658599e-01
0.000000000000000000e+00,3.447504608839825938e-05,6.654132543278790113e-01
9.709128795350646657e-02,3.775469190592885597e-04,5.425550384623978317e-01
1.976971888840645675e-01,2.234261121946960369e-04,3.965091026390464291e-01
2.109003278763637301e-01,0.000000000000000000e+00,7.419002010312808482e-02
0.000000000000000000e+00,7.917565156434643557e-04,6.488006627264851778e-01
4.537902609156227451e-02,0.000000000000000000e+00,6.053033538752040643e-01
1.941149037174348946e-01,4.648115603289032093e-05,5.921713571051712144e-01
1.228609952776352626e-01,0.000000000000000000e+00,6.472680988472374608e-01
2.261026173977691567e-01,1.026007251625781847e-03,7.260784876016628253e-01
1.170574479750891572e-01,0.000000000000000000e+00,6.518636492962235351e-01
1.520720235783275254e-01,8.436156065359265519e-04,2.649836891284285123e-01
8.588103402237862172e-02,0.000000000000000000e+00,4.251615690661397218e-01
0.000000000000000000e+00,0.000000000000000000e+00,5.505847871617064460e-01
2.803560269044634845e-01,0.000000000000000000e+00,4.603209490038434604e-01
1.785860487756065484e-01,0.000000000000000000e+00,8.066893930858473061e-01
1.777000998170345514e-01,0.000000000000000000e+00,6.504894034565092964e-01
1.370294658433413859e-01,9.179843060046155795e-04,8.067854988356900625e-01
0.000000000000000000e+00,4.733609255024787805e-04,6.598638728737151737e-01
2.056775867105649358e-01,0.000000000000000000e+00,6.102667913205839234e-01
2.233454476613096484e-01,1.185866235500923036e-04,8.815326903344580245e-01
2.842164986092815537e-01,0.000000000000000000e+00,4.798618905485589337e-01
1.593302404566638852e-01,0.000000000000000000e+00,1.696233206092709334e-01
2.639318191867793817e-01,1.184887444571769725e-03,7.927499423843185067e-01
2.126813566872915451e-01,5.216965249478153471e-04,9.332366739329205352e-01
2.059518187590970162e-01,1.630002651023708653e-03,4.129282839504944125e-01
0.000000000000000000e+00,0.000000000000000000e+00,1.000000000000000000e+00
4.833315171450247583e-04,1.458940730597325409e-03,7.921380271669593576e-01
1.442875766455177233e-01,4.813926240476333130e-04,5.282805479634419266e-01
3.851356765993278475e-01,0.000000000000000000e+00,3.083585965972548415e-01
0.000000000000000000e+00,0.000000000000000000e+00,8.992964834038531530e-01
3.881358809053322978e-02,0.000000000000000000e+00,6.770952712957992725e-01
3.375805134123031070e-01,4.292092966464773509e-04,4.813025825032495320e-01
7.315366598474937199e-02,0.000000000000000000e+00,2.778637906398921942e-01
0.000000000000000000e+00,1.631219507653533084e-03,5.248534689158630417e-01
8.112770790260737108e-02,0.000000000000000000e+00,6.160321884803413583e-01
5.861915607687488705e-02,0.000000000000000000e+00,5.751182307991549170e-01
3.424900657537245652e-02,0.000000000000000000e+00,5.953721818536402699e-01
2.158571697596086691e-01,5.969171117831944401e-04,6.689873747465084897e-01
1.448738862170403374e-01,3.741263202643058680e-04,6.073673979097891085e-01
2.502252289747666225e-01,0.000000000000000000e+00,5.770049301553415999e-01
4.094392578079714129e-02,0.000000000000000000e+00,4.541461452958189260e-01
2.940842225643996999e-01,7.263658321861022303e-04,4.445176824792893000e-01
2.190720526145796543e-01,6.088151174171313202e-04,6.055062947073629465e-01
4.140633908545651165e-01,0.000000000000000000e+00,6.381063664333710417e-01
2.967617237728243373e-01,1.019251149505129512e-03,3.300824830673407262e-01
8.359382124354813870e-02,1.058571897605367759e-03,4.525605795666535203e-01
1.329758742373989555e-01,5.473555742986664771e-04,6.635766879694773301e-01
2.347300438018846136e-01,0.000000000000000000e+00,6.833625549338974148e-01
1.488952479312311561e-01,6.757031433716509687e-04,5.160063301207696851e-01
1.434229428682903540e-01,5.070366321254437744e-04,8.380535605450534220e-01
2.245501015267545308e-02,1.092217941340623433e-03,9.533078024453460753e-01
2.214360942588618486e-01,0.000000000000000000e+00,4.305424749040668853e-01
2.230087995390309941e-01,0.000000000000000000e+00,7.050322290835026040e-01
4.879675721381283859e-02,0.000000000000000000e+00,6.342183768853941750e-01
1.623019130762238804e-01,0.000000000000000000e+00,6.597348740790449639e-01
4.217417726994858729e-01,0.000000000000000000e+00,2.094048330454285067e-01
0.000000000000000000e+00,5.480871874725355957e-04,8.479713486920155141e-01
5.728703142106218726e-02,0.000000000000000000e+00,2.201834958303700018e-01
0.000000000000000000e+00,0.000000000000000000e+00,5.245736178748442446e-01
0.000000000000000000e+00,0.000000000000000000e+00,4.600395611569420007e-01
0.000000000000000000e+00,0.000000000000000000e+00,9.649880768902197037e-01
1.533894463109406192e-01,1.296360388275429910e-03,8.035004117883121078e-01
0.000000000000000000e+00,8.425717017130080876e-04,5.396891812953077405e-01
3.145322183680268613e-02,4.152313958216570901e-04,8.602013480557861858e-01
